Year,Current_Franchise,Rnd,OvPck,Debut_Year,TC_Total_WAR,Career_Total_WAR
1965,Atlanta Braves,283,6501,3935.0,12.899999999999999,17.8
1965,Baltimore Orioles,679,10580,5901.0,0.5,0.2
1965,Boston Red Sox,147,2950,9842.0,18.199999999999996,43.9
1965,Chicago Cubs,303,5879,13777.0,26.599999999999998,44.3
1965,Chicago White Sox,389,7435,7876.0,-0.8,-0.8
1965,Cincinnati Reds,286,6055,5904.0,56.9,124.10000000000001
1965,Cleveland Indians,69,1495,3940.0,8.799999999999999,9.7
1965,Detroit Tigers,389,6515,5908.0,3.1,2.4
1965,Houston Astros,1056,16162,5910.0,-0.2,-1.3
1965,Los Angeles Angels,182,4373,11814.0,25.9,35.3
1965,Los Angeles Dodgers,234,4472,5906.0,3.0999999999999996,3.7
1965,Minnesota Twins,882,11222,5904.0,22.7,65.4
1965,New York Mets,651,13639,17711.0,33.3,144.00000000000003
1965,New York Yankees,413,7998,7874.0,10.0,16.700000000000003
1965,Oakland Athletics,516,8159,13775.0,61.60000000000001,131.0
1965,Philadelphia Phillies,354,4898,5904.0,12.100000000000001,28.299999999999997
1965,Pittsburgh Pirates,563,10536,9843.0,34.599999999999994,57.199999999999996
1965,San Francisco Giants,467,8947,7874.0,10.9,10.8
1965,St. Louis Cardinals,647,10708,5908.0,3.3,3.3
1965,Texas Rangers,164,3894,9842.0,17.5,30.100000000000005
1966,Atlanta Braves,672,11798,5905.0,13.700000000000001,14.4
1966,Baltimore Orioles,367,6864,3945.0,1.4,3.8
1966,Boston Red Sox,315,5947,5906.0,10.2,21.7
1966,Chicago Cubs,532,10066,5901.0,12.7,12.5
1966,Chicago White Sox,265,5177,9849.0,7.8999999999999995,8.5
1966,Cincinnati Reds,93,1797,3936.0,18.8,23.3
1966,Cleveland Indians,246,4770,3936.0,0.2,0.2
1966,Detroit Tigers,244,4765,1968.0,3.7,3.7
1966,Houston Astros,324,6049,7880.0,17.3,24.700000000000003
1966,Los Angeles Angels,292,5591,5909.0,1.4,1.4
1966,Los Angeles Dodgers,872,15909,11818.0,31.299999999999997,75.10000000000001
1966,Minnesota Twins,710,13338,1971.0,14.9,17.2
1966,New York Mets,581,10480,3939.0,11.6,16.5
1966,New York Yankees,815,13527,9854.0,5.8,6.299999999999999
1966,Oakland Athletics,232,4310,3939.0,37.4,75.9
1966,Philadelphia Phillies,164,3137,1970.0,1.5,1.5
1966,Pittsburgh Pirates,395,7694,9851.0,42.300000000000004,61.10000000000001
1966,San Francisco Giants,333,6501,9849.0,3.0,3.0
1966,St. Louis Cardinals,641,11844,3938.0,11.4,9.7
1966,Texas Rangers,203,3850,3938.0,3.1999999999999997,1.9
1967,Atlanta Braves,409,7751,5905.0,22.4,48.0
1967,Baltimore Orioles,505,9138,5914.0,47.5,98.89999999999999
1967,Boston Red Sox,102,1870,1969.0,0.7,-1.2
1967,Chicago Cubs,248,4588,3938.0,-0.2,-0.2
1967,Chicago White Sox,577,10639,1969.0,0.2,0.2
1967,Cincinnati Reds,743,12732,5911.0,4.5,5.1
1967,Cleveland Indians,749,13650,11823.0,5.000000000000001,5.500000000000001
1967,Detroit Tigers,576,10768,9858.0,-0.5000000000000001,-0.5000000000000001
1967,Houston Astros,346,6463,3939.0,12.2,27.0
1967,Los Angeles Angels,259,4966,0.0,0.0,0.0
1967,Los Angeles Dodgers,654,11857,3946.0,13.299999999999999,18.2
1967,Minnesota Twins,700,13260,9860.0,26.5,62.199999999999996
1967,New York Mets,844,14875,9858.0,28.9,45.00000000000001
1967,New York Yankees,1314,21550,9856.0,8.7,8.4
1967,Oakland Athletics,681,12572,1969.0,23.4,49.4
1967,Philadelphia Phillies,203,3949,0.0,0.0,0.0
1967,Pittsburgh Pirates,408,7864,3942.0,19.2,27.2
1967,San Francisco Giants,487,9225,7886.0,13.2,20.6
1967,St. Louis Cardinals,450,8559,3937.0,36.3,108.5
1967,Texas Rangers,548,10207,9865.0,4.7,7.0
1968,Atlanta Braves,280,6089,5915.0,-0.4,-0.4
1968,Baltimore Orioles,607,12853,9865.0,18.099999999999998,31.0
1968,Boston Red Sox,504,11398,7883.0,36.7,94.79999999999998
1968,Chicago Cubs,274,6159,3942.0,2.3,20.1
1968,Chicago White Sox,314,7009,9857.0,6.4,5.199999999999999
1968,Cincinnati Reds,349,7586,1970.0,1.0,21.1
1968,Cleveland Indians,391,8444,9854.0,0.20000000000000007,9.200000000000001
1968,Detroit Tigers,598,13046,7890.0,1.2999999999999998,0.6
1968,Houston Astros,333,7178,7883.0,10.5,27.1
1968,Kansas City Royals,1090,22608,5912.0,18.299999999999997,33.9
1968,Los Angeles Angels,404,8908,5908.0,16.1,16.1
1968,Los Angeles Dodgers,1056,18105,11821.0,26.8,87.8
1968,Milwaukee Brewers,304,6938,5919.0,2.1999999999999997,2.1999999999999997
1968,Minnesota Twins,358,8051,3943.0,1.2999999999999998,1.0
1968,New York Mets,435,9139,9855.0,12.399999999999999,16.8
1968,New York Yankees,393,8442,5922.0,27.099999999999998,40.699999999999996
1968,Oakland Athletics,238,5139,1970.0,0.5,0.5
1968,Philadelphia Phillies,255,5612,1970.0,13.8,32.7
1968,Pittsburgh Pirates,384,8424,5914.0,19.2,38.7
1968,San Diego Padres,77,1769,1970.0,0.5,0.5
1968,San Francisco Giants,244,5381,3943.0,17.7,30.7
1968,St. Louis Cardinals,489,10746,5919.0,18.7,30.4
1968,Texas Rangers,242,5323,7888.0,-1.4,-1.8
1968,Washington Nationals,135,3075,0.0,0.0,0.0
1969,Atlanta Braves,245,5661,7887.0,-0.5999999999999999,-1.5
1969,Baltimore Orioles,363,8166,3950.0,4.8999999999999995,5.3999999999999995
1969,Boston Red Sox,166,3819,11843.0,26.1,79.69999999999999
1969,Chicago Cubs,414,9642,9856.0,23.1,41.800000000000004
1969,Chicago White Sox,416,9484,3950.0,0.2,0.2
1969,Cincinnati Reds,289,6679,7897.0,37.099999999999994,55.1
1969,Cleveland Indians,720,16562,5920.0,22.400000000000002,73.10000000000001
1969,Detroit Tigers,197,4636,5912.0,3.2,2.7
1969,Houston Astros,234,5219,5918.0,12.7,45.900000000000006
1969,Kansas City Royals,1663,30797,9866.0,10.5,12.799999999999999
1969,Los Angeles Angels,372,8450,3942.0,6.3,8.9
1969,Los Angeles Dodgers,376,8383,9865.0,3.8,17.9
1969,Milwaukee Brewers,530,12054,13808.0,24.0,41.300000000000004
1969,Minnesota Twins,777,17417,5915.0,50.9,103.89999999999999
1969,New York Mets,390,8797,9862.0,2.7,5.4
1969,New York Yankees,549,12255,3947.0,0.09999999999999998,-0.1
1969,Oakland Athletics,356,8203,9867.0,7.2,10.399999999999999
1969,Philadelphia Phillies,367,8363,9862.0,17.2,37.0
1969,Pittsburgh Pirates,411,9183,5915.0,0.2,0.2
1969,San Diego Padres,246,5894,1972.0,-0.6,-1.1
1969,San Francisco Giants,396,9223,9863.0,14.8,14.5
1969,St. Louis Cardinals,475,11092,7886.0,3.5999999999999996,4.800000000000001
1969,Texas Rangers,475,10529,7893.0,9.3,18.7
1969,Washington Nationals,945,18882,5914.0,6.2,6.5
1970,Atlanta Braves,188,4531,5917.0,-2.5999999999999996,-3.3
1970,Baltimore Orioles,525,11256,5923.0,-0.20000000000000004,-0.20000000000000004
1970,Boston Red Sox,300,7138,1974.0,2.3,1.8
1970,Chicago Cubs,645,14260,3943.0,34.5,68.2
1970,Chicago White Sox,314,7237,11832.0,24.0,51.0
1970,Cincinnati Reds,397,9117,7898.0,13.4,21.900000000000002
1970,Cleveland Indians,303,6843,7897.0,0.8,0.30000000000000004
1970,Detroit Tigers,398,9455,7895.0,5.3,4.8
1970,Houston Astros,186,4269,1973.0,10.6,13.0
1970,Kansas City Royals,359,8205,1973.0,4.0,2.6
1970,Los Angeles Angels,243,5616,11843.0,-3.3000000000000003,-5.7
1970,Los Angeles Dodgers,344,7903,3950.0,0.8,0.8
1970,Milwaukee Brewers,213,4853,3945.0,15.3,43.599999999999994
1970,Minnesota Twins,622,14151,3952.0,-0.9,-0.9
1970,New York Mets,414,9826,1974.0,0.6,0.6
1970,New York Yankees,474,10866,5919.0,17.0,26.2
1970,Not a MLB Franchise,35,740,0.0,0.0,0.0
1970,Oakland Athletics,119,2842,1975.0,9.0,10.3
1970,Philadelphia Phillies,275,6304,9869.0,-3.0,-3.0
1970,Pittsburgh Pirates,576,12674,3947.0,37.1,47.2
1970,San Diego Padres,221,4958,11836.0,5.3,15.400000000000002
1970,San Francisco Giants,290,6781,5923.0,1.2000000000000002,1.3000000000000003
1970,St. Louis Cardinals,458,10309,9867.0,32.9,54.8
1970,Texas Rangers,429,9474,1973.0,8.5,15.0
1970,Washington Nationals,284,6461,11842.0,9.4,13.600000000000001
1971,Atlanta Braves,124,2858,7902.0,-0.4000000000000001,1.0999999999999999
1971,Baltimore Orioles,180,4348,3954.0,3.4,3.9999999999999996
1971,Boston Red Sox,289,6807,7902.0,27.1,51.699999999999996
1971,Chicago Cubs,165,3882,5923.0,12.4,18.7
1971,Chicago White Sox,149,3382,3950.0,2.2,2.2
1971,Cincinnati Reds,201,4864,3953.0,3.3,2.8999999999999995
1971,Cleveland Indians,204,4724,3953.0,1.1,14.6
1971,Detroit Tigers,423,9545,7904.0,-3.1999999999999997,-6.200000000000001
1971,Houston Astros,105,2425,3949.0,-1.2000000000000002,-1.2000000000000002
1971,Kansas City Royals,239,5427,7902.0,39.4,89.69999999999999
1971,Los Angeles Angels,344,7801,5923.0,37.0,67.60000000000001
1971,Los Angeles Dodgers,448,9996,7896.0,10.6,41.1
1971,Milwaukee Brewers,86,1878,9870.0,7.499999999999999,11.600000000000001
1971,Minnesota Twins,455,10422,3955.0,5.5,6.6
1971,New York Mets,315,7118,5931.0,0.1,0.1
1971,New York Yankees,239,5615,5923.0,30.800000000000004,52.699999999999996
1971,Not a MLB Franchise,41,863,0.0,0.0,0.0
1971,Oakland Athletics,160,3790,0.0,0.0,0.0
1971,Philadelphia Phillies,487,10850,5921.0,44.0,108.0
1971,Pittsburgh Pirates,361,8544,3951.0,8.7,13.5
1971,San Diego Padres,140,3116,9861.0,10.299999999999999,25.6
1971,San Francisco Giants,231,5145,7906.0,0.09999999999999998,0.09999999999999998
1971,St. Louis Cardinals,408,8823,7895.0,36.0,106.29999999999998
1971,Texas Rangers,246,5532,1976.0,4.2,3.3
1971,Washington Nationals,232,4967,3948.0,1.7000000000000002,1.7000000000000002
1972,Atlanta Braves,165,3775,1975.0,2.0,1.6
1972,Baltimore Orioles,324,7321,5937.0,1.0,1.0
1972,Boston Red Sox,157,3637,7903.0,9.0,31.0
1972,Chicago Cubs,297,6894,7901.0,11.5,16.400000000000002
1972,Chicago White Sox,152,3477,3950.0,-1.8,-1.8
1972,Cincinnati Reds,223,4991,0.0,0.0,0.0
1972,Cleveland Indians,197,4258,3950.0,33.2,68.39999999999999
1972,Detroit Tigers,342,7945,13827.0,22.5,24.999999999999993
1972,Houston Astros,168,3807,1973.0,3.9,3.9
1972,Kansas City Royals,495,11061,7899.0,25.2,36.199999999999996
1972,Los Angeles Angels,145,3271,5925.0,18.799999999999997,24.699999999999996
1972,Los Angeles Dodgers,293,6612,3956.0,-2.8000000000000003,-2.8000000000000003
1972,Milwaukee Brewers,266,5993,7901.0,0.5,0.5
1972,Minnesota Twins,292,6450,7905.0,10.1,10.1
1972,New York Mets,399,8415,5924.0,10.499999999999998,12.499999999999998
1972,New York Yankees,341,7764,9886.0,17.599999999999998,24.9
1972,Oakland Athletics,222,5126,3951.0,22.7,51.9
1972,Philadelphia Phillies,223,4944,5923.0,29.8,41.6
1972,Pittsburgh Pirates,445,10274,9879.0,46.6,105.10000000000001
1972,San Diego Padres,124,2654,7893.0,26.000000000000004,24.8
1972,San Francisco Giants,503,10593,5925.0,32.8,44.9
1972,St. Louis Cardinals,475,10601,3952.0,3.5,3.4000000000000004
1972,Texas Rangers,375,7878,9879.0,32.1,39.5
1972,Washington Nationals,114,2503,7903.0,44.50000000000001,87.30000000000001
1973,Atlanta Braves,241,5401,5933.0,-3.5000000000000004,-3.8000000000000003
1973,Baltimore Orioles,172,3973,5929.0,59.6,116.0
1973,Boston Red Sox,202,4717,7902.0,31.7,49.4
1973,Chicago Cubs,286,6584,7905.0,17.1,31.7
1973,Chicago White Sox,434,9486,7898.0,9.200000000000001,6.4
1973,Cincinnati Reds,296,6766,0.0,0.0,0.0
1973,Cleveland Indians,234,4941,3954.0,0.1,0.1
1973,Detroit Tigers,269,6281,1977.0,0.0,0.0
1973,Houston Astros,79,1856,3955.0,7.8,7.4
1973,Kansas City Royals,768,14581,1976.0,12.9,20.7
1973,Los Angeles Angels,205,4569,1980.0,0.0,0.0
1973,Los Angeles Dodgers,127,2969,3952.0,-1.5,-2.0
1973,Milwaukee Brewers,188,4134,1974.0,17.3,66.5
1973,Minnesota Twins,222,5002,5924.0,-2.4999999999999996,-3.3000000000000003
1973,New York Mets,439,9703,5931.0,11.7,15.299999999999999
1973,New York Yankees,217,4945,7910.0,23.200000000000003,31.200000000000003
1973,Oakland Athletics,339,7871,9889.0,37.1,52.9
1973,Philadelphia Phillies,167,3654,9885.0,22.7,28.1
1973,Pittsburgh Pirates,312,7413,3955.0,8.5,8.299999999999999
1973,San Diego Padres,125,2739,5923.0,24.2,58.5
1973,San Francisco Giants,175,3864,9883.0,14.899999999999999,43.6
1973,St. Louis Cardinals,794,15317,7909.0,6.8,7.3
1973,Texas Rangers,307,6656,7906.0,23.1,28.6
1973,Washington Nationals,164,3648,3957.0,13.5,17.799999999999997
1974,Atlanta Braves,83,1764,7906.0,18.7,53.0
1974,Baltimore Orioles,452,9293,5930.0,11.700000000000001,12.8
1974,Boston Red Sox,110,2583,3956.0,0.3,0.3
1974,Chicago Cubs,160,3551,5934.0,-3.5,-4.2
1974,Chicago White Sox,162,3600,7902.0,21.5,24.400000000000002
1974,Cincinnati Reds,338,7736,11867.0,18.799999999999997,31.099999999999998
1974,Cleveland Indians,189,4167,3957.0,2.1,2.1
1974,Detroit Tigers,292,6534,5930.0,29.9,51.699999999999996
1974,Houston Astros,91,2076,1979.0,-0.8,-0.8
1974,Kansas City Royals,263,5695,1976.0,22.9,37.8
1974,Los Angeles Angels,242,5178,13840.0,3.3,19.200000000000003
1974,Los Angeles Dodgers,118,2768,3958.0,6.5,36.1
1974,Milwaukee Brewers,77,1668,13835.0,26.2,47.099999999999994
1974,Minnesota Twins,405,8396,3953.0,17.5,27.400000000000002
1974,New York Mets,360,7917,7917.0,-0.4,-0.7000000000000001
1974,New York Yankees,218,4944,7911.0,0.10000000000000003,5.9
1974,Oakland Athletics,170,3993,3958.0,1.5,1.5
1974,Philadelphia Phillies,290,6240,9892.0,25.0,51.800000000000004
1974,Pittsburgh Pirates,344,7266,9894.0,9.8,26.1
1974,San Diego Padres,152,3296,3952.0,-0.2,2.3
1974,San Francisco Giants,211,4832,7914.0,4.6000000000000005,6.000000000000001
1974,St. Louis Cardinals,242,5324,3955.0,24.8,30.5
1974,Texas Rangers,321,6743,13840.0,24.7,38.6
1974,Washington Nationals,201,4451,3956.0,-0.4,-0.4
1975,Atlanta Braves,156,3653,11868.0,7.699999999999999,15.0
1975,Baltimore Orioles,321,7116,5944.0,3.9000000000000004,3.7
1975,Boston Red Sox,240,5570,9899.0,11.6,11.4
1975,Chicago Cubs,207,4596,1980.0,12.4,26.1
1975,Chicago White Sox,155,3486,3953.0,2.6,2.6
1975,Cincinnati Reds,230,5454,5937.0,15.9,15.8
1975,Cleveland Indians,154,3451,3954.0,3.8000000000000003,9.2
1975,Detroit Tigers,194,4311,3953.0,44.7,95.19999999999999
1975,Houston Astros,162,3733,3957.0,1.6,1.6
1975,Kansas City Royals,190,4298,7913.0,9.599999999999998,9.299999999999999
1975,Los Angeles Angels,173,3783,13843.0,24.6,40.9
1975,Los Angeles Dodgers,146,3460,7915.0,3.4,27.400000000000002
1975,Milwaukee Brewers,160,3552,0.0,0.0,0.0
1975,Minnesota Twins,318,6843,3958.0,0.4,0.4
1975,New York Mets,193,4321,1978.0,-0.3,-0.8
1975,New York Yankees,62,1443,5933.0,23.0,29.0
1975,Oakland Athletics,78,1839,1978.0,-0.3,-0.3
1975,Philadelphia Phillies,239,5426,3957.0,10.6,11.5
1975,Pittsburgh Pirates,243,5673,3955.0,17.8,29.799999999999997
1975,San Diego Padres,193,4246,5933.0,-0.7,-0.7
1975,San Francisco Giants,284,6346,7921.0,-1.7,-1.7
1975,St. Louis Cardinals,294,6678,9896.0,-0.3,-0.5
1975,Texas Rangers,281,6467,7907.0,-0.5,-0.30000000000000004
1975,Washington Nationals,160,3616,1976.0,30.7,59.5
1976,Atlanta Braves,222,4941,9900.0,9.8,10.2
1976,Baltimore Orioles,140,3304,3963.0,-0.6,-0.6
1976,Boston Red Sox,268,6353,13863.0,79.10000000000001,138.29999999999998
1976,Chicago Cubs,356,7994,9899.0,-0.5,-0.5
1976,Chicago White Sox,163,3679,5938.0,14.200000000000001,18.8
1976,Cincinnati Reds,359,8290,7923.0,18.5,25.1
1976,Cleveland Indians,238,5348,1978.0,8.7,16.9
1976,Detroit Tigers,279,6202,13852.0,63.199999999999996,144.00000000000003
1976,Houston Astros,191,4192,13859.0,25.8,41.099999999999994
1976,Kansas City Royals,176,4122,3958.0,4.3,9.2
1976,Los Angeles Angels,199,4433,11879.0,15.200000000000003,15.800000000000002
1976,Los Angeles Dodgers,383,8776,11881.0,23.900000000000002,42.300000000000004
1976,Milwaukee Brewers,201,4484,5934.0,21.799999999999997,21.400000000000002
1976,Minnesota Twins,313,7081,5939.0,11.9,11.9
1976,New York Mets,276,6234,5941.0,12.799999999999999,34.7
1976,New York Yankees,130,3012,3960.0,5.300000000000001,2.1
1976,Oakland Athletics,290,6756,3964.0,41.9,106.3
1976,Philadelphia Phillies,255,5960,3961.0,8.5,11.9
1976,Pittsburgh Pirates,471,10677,5936.0,10.499999999999998,23.299999999999997
1976,San Diego Padres,211,4716,13849.0,12.1,13.0
1976,San Francisco Giants,280,6015,1980.0,-0.2,-0.2
1976,St. Louis Cardinals,334,7558,7922.0,15.299999999999999,16.6
1976,Texas Rangers,174,3983,5936.0,8.6,9.9
1976,Washington Nationals,110,2445,9894.0,12.8,29.1
1977,Atlanta Braves,182,4366,7922.0,1.1,0.8000000000000002
1977,Baltimore Orioles,200,5051,3963.0,0.1,0.1
1977,Boston Red Sox,260,6430,9907.0,-1.2000000000000002,-0.5
1977,Chicago Cubs,446,10487,7923.0,1.3,1.3
1977,Chicago White Sox,171,4073,11881.0,20.1,42.300000000000004
1977,Cincinnati Reds,339,8588,3963.0,10.3,10.7
1977,Cleveland Indians,271,6682,5941.0,2.2,2.2
1977,Detroit Tigers,284,6829,5939.0,2.5,2.4
1977,Houston Astros,118,2911,5943.0,0.6000000000000001,0.6000000000000001
1977,Kansas City Royals,181,4617,5941.0,0.0,0.0
1977,Los Angeles Angels,235,5690,7921.0,15.899999999999999,32.4
1977,Los Angeles Dodgers,282,6953,9899.0,35.099999999999994,57.5
1977,Milwaukee Brewers,145,3421,5940.0,40.5,98.0
1977,Minnesota Twins,443,10611,5939.0,13.399999999999999,13.399999999999999
1977,New York Mets,349,8560,7922.0,20.8,31.1
1977,New York Yankees,278,7066,5941.0,6.6,6.6
1977,Oakland Athletics,184,4492,7921.0,9.5,10.6
1977,Philadelphia Phillies,385,9559,7923.0,12.700000000000001,12.399999999999999
1977,Pittsburgh Pirates,320,7488,3966.0,0.7,0.5
1977,San Diego Padres,319,7807,7915.0,18.9,67.39999999999999
1977,San Francisco Giants,93,2226,7920.0,18.9,41.599999999999994
1977,Seattle Mariners,272,6943,7928.0,10.8,28.8
1977,St. Louis Cardinals,537,12114,11884.0,24.5,39.49999999999999
1977,Texas Rangers,196,4776,9903.0,4.7,4.8
1977,Toronto Blue Jays,91,2355,3960.0,23.900000000000002,36.8
1977,Washington Nationals,347,8318,7917.0,60.2,125.50000000000001
1978,Atlanta Braves,240,5667,11887.0,22.8,25.8
1978,Baltimore Orioles,138,3489,9907.0,54.7,125.6
1978,Boston Red Sox,171,4406,1981.0,0.0,0.0
1978,Chicago Cubs,274,6567,7929.0,7.3,8.3
1978,Chicago White Sox,62,1540,1978.0,15.2,19.0
1978,Cincinnati Reds,379,8832,13873.0,26.2,55.99999999999999
1978,Cleveland Indians,487,10687,1981.0,1.9,1.7
1978,Detroit Tigers,393,9384,11887.0,16.6,36.99999999999999
1978,Houston Astros,82,1967,7928.0,0.30000000000000004,0.7999999999999999
1978,Kansas City Royals,250,6286,9911.0,-2.7,-3.1000000000000005
1978,Los Angeles Angels,94,2310,7923.0,47.099999999999994,62.199999999999996
1978,Los Angeles Dodgers,345,8556,5942.0,19.099999999999998,33.1
1978,Milwaukee Brewers,215,5134,1980.0,-0.3,-0.3
1978,Minnesota Twins,241,5911,3961.0,19.7,36.9
1978,New York Mets,346,8131,9912.0,16.5,22.100000000000005
1978,New York Yankees,151,3912,13879.0,17.6,22.5
1978,Oakland Athletics,188,4324,11883.0,-1.6,24.4
1978,Philadelphia Phillies,341,8515,3967.0,24.099999999999998,61.3
1978,Pittsburgh Pirates,339,8087,7928.0,21.200000000000003,24.799999999999997
1978,San Diego Padres,191,4593,13866.0,17.2,26.5
1978,San Francisco Giants,228,5448,7930.0,6.499999999999999,12.600000000000001
1978,Seattle Mariners,205,4913,9907.0,5.5,11.4
1978,St. Louis Cardinals,573,12158,1983.0,0.3,0.3
1978,Texas Rangers,560,12893,9907.0,5.9,5.9
1978,Toronto Blue Jays,168,3956,7919.0,47.8,69.7
1978,Washington Nationals,193,4732,9906.0,7.4,7.5
1979,Atlanta Braves,590,14179,7929.0,16.7,44.2
1979,Baltimore Orioles,333,8399,5948.0,19.099999999999998,22.9
1979,Boston Red Sox,151,3923,3967.0,-1.4,-1.4
1979,Chicago Cubs,529,12842,7937.0,-1.8,-1.8
1979,Chicago White Sox,340,8346,3960.0,-0.5,-0.5
1979,Cincinnati Reds,475,11763,9918.0,7.3999999999999995,11.4
1979,Cleveland Indians,497,11522,5946.0,17.3,27.6
1979,Detroit Tigers,417,10325,3964.0,1.7000000000000002,3.8
1979,Houston Astros,274,6712,13880.0,43.0,53.4
1979,Kansas City Royals,406,10183,5942.0,13.599999999999998,16.8
1979,Los Angeles Angels,229,5748,3969.0,0.30000000000000004,0.30000000000000004
1979,Los Angeles Dodgers,281,7242,9914.0,45.300000000000004,73.1
1979,Milwaukee Brewers,191,4902,5948.0,3.3000000000000003,3.6
1979,Minnesota Twins,358,8855,5943.0,3.5,5.3999999999999995
1979,New York Mets,360,8622,7930.0,5.2,16.4
1979,New York Yankees,371,9540,11897.0,39.6,66.0
1979,Oakland Athletics,234,5729,1983.0,-0.1,-0.1
1979,Philadelphia Phillies,327,8305,5952.0,12.0,11.5
1979,Pittsburgh Pirates,336,8054,7933.0,19.3,25.5
1979,San Diego Padres,226,5652,9926.0,6.999999999999999,7.999999999999999
1979,San Francisco Giants,286,7155,9918.0,17.5,22.300000000000004
1979,Seattle Mariners,389,9381,11900.0,13.0,19.6
1979,St. Louis Cardinals,188,4569,7941.0,29.2,46.0
1979,Texas Rangers,449,11045,15861.0,31.7,35.3
1979,Toronto Blue Jays,149,3529,3965.0,-0.8,-0.8
1979,Washington Nationals,278,6867,7922.0,18.2,37.6
1980,Atlanta Braves,259,6248,7932.0,12.6,12.600000000000001
1980,Baltimore Orioles,151,3895,9925.0,1.9999999999999998,1.9999999999999998
1980,Boston Red Sox,292,7492,9920.0,19.6,22.7
1980,Chicago Cubs,259,6279,5949.0,6.5,10.1
1980,Chicago White Sox,137,3279,1983.0,1.8,1.2
1980,Cincinnati Reds,433,10759,7938.0,50.400000000000006,72.00000000000001
1980,Cleveland Indians,640,14819,9919.0,14.8,17.400000000000002
1980,Detroit Tigers,464,11400,7937.0,9.600000000000001,13.700000000000001
1980,Houston Astros,268,6760,1984.0,1.1,1.1
1980,Kansas City Royals,224,5579,13889.0,8.9,21.9
1980,Los Angeles Angels,305,7690,3966.0,11.399999999999999,14.6
1980,Los Angeles Dodgers,342,8377,3969.0,-0.9,-0.9
1980,Milwaukee Brewers,87,2242,3966.0,12.299999999999999,15.4
1980,Minnesota Twins,389,9366,15875.0,9.299999999999999,31.399999999999995
1980,New York Mets,391,9084,15872.0,35.0,47.1
1980,New York Yankees,640,15318,3967.0,0.4,0.4
1980,Oakland Athletics,73,1739,1980.0,2.6,2.6
1980,Philadelphia Phillies,302,7446,7934.0,0.7000000000000001,23.7
1980,Pittsburgh Pirates,381,9241,5954.0,6.4,9.6
1980,San Diego Padres,528,12603,5948.0,0.4,0.4
1980,San Francisco Giants,492,11358,7935.0,-0.7000000000000001,-0.7000000000000001
1980,Seattle Mariners,143,3427,11900.0,14.9,16.599999999999998
1980,St. Louis Cardinals,395,9631,3967.0,1.6,1.6
1980,Texas Rangers,405,9955,5949.0,13.5,16.4
1980,Toronto Blue Jays,193,4588,0.0,0.0,0.0
1980,Washington Nationals,350,8800,11893.0,6.300000000000001,10.899999999999999
1981,Atlanta Braves,459,11176,0.0,0.0,0.0
1981,Baltimore Orioles,284,7291,3975.0,-0.8,-0.8
1981,Boston Red Sox,139,3495,5957.0,2.1999999999999997,1.2
1981,Chicago Cubs,314,7587,5956.0,16.8,28.800000000000004
1981,Chicago White Sox,452,10933,9928.0,2.7999999999999994,3.8
1981,Cincinnati Reds,361,8998,3972.0,12.200000000000001,40.6
1981,Cleveland Indians,107,2630,3968.0,8.5,9.0
1981,Detroit Tigers,337,8435,7939.0,3.3000000000000003,3.3000000000000003
1981,Houston Astros,362,9296,0.0,0.0,0.0
1981,Kansas City Royals,413,10367,9926.0,51.1,93.9
1981,Los Angeles Angels,386,9443,7941.0,27.700000000000003,55.699999999999996
1981,Los Angeles Dodgers,298,7619,11902.0,36.699999999999996,64.10000000000001
1981,Milwaukee Brewers,224,5693,3971.0,7.8,13.799999999999999
1981,Minnesota Twins,424,10452,7935.0,25.3,44.800000000000004
1981,New York Mets,521,12454,11912.0,23.4,41.4
1981,New York Yankees,610,15167,15888.0,48.49999999999999,103.70000000000002
1981,Oakland Athletics,344,8595,11910.0,23.7,46.4
1981,Philadelphia Phillies,322,8127,5959.0,6.0,6.0
1981,Pittsburgh Pirates,218,5424,3965.0,1.8000000000000003,1.7000000000000002
1981,San Diego Padres,604,14638,9920.0,51.6,93.9
1981,San Francisco Giants,465,11160,5957.0,10.3,12.5
1981,Seattle Mariners,230,5445,11903.0,71.29999999999998,103.3
1981,St. Louis Cardinals,237,5789,9917.0,13.7,15.600000000000001
1981,Texas Rangers,455,11150,7935.0,15.000000000000002,23.1
1981,Toronto Blue Jays,184,4406,5951.0,0.7999999999999998,0.8999999999999999
1981,Washington Nationals,513,12576,1983.0,0.1,0.1
1982,Atlanta Braves,387,9637,5955.0,32.8,48.9
1982,Baltimore Orioles,282,7291,9927.0,5.5,9.3
1982,Boston Red Sox,131,3287,7942.0,25.0,31.099999999999998
1982,Chicago Cubs,256,6218,5966.0,5.2,7.300000000000001
1982,Chicago White Sox,257,6478,5957.0,8.4,14.6
1982,Cincinnati Reds,301,7755,1984.0,13.2,17.4
1982,Cleveland Indians,234,5828,3969.0,0.3,0.3
1982,Detroit Tigers,370,9367,11915.0,0.5,-0.10000000000000003
1982,Houston Astros,336,8488,7944.0,4.699999999999999,4.4
1982,Kansas City Royals,389,9690,5958.0,32.6,55.2
1982,Los Angeles Angels,339,8416,7941.0,16.5,38.0
1982,Los Angeles Dodgers,316,8060,7939.0,12.1,11.399999999999999
1982,Milwaukee Brewers,249,6468,9932.0,-2.0,-2.1000000000000005
1982,Minnesota Twins,384,9401,9929.0,4.4,4.4
1982,New York Mets,220,5381,19867.0,61.40000000000001,80.8
1982,New York Yankees,886,20303,13909.0,17.599999999999998,21.699999999999996
1982,Oakland Athletics,380,9857,11916.0,29.7,58.8
1982,Philadelphia Phillies,452,11229,7941.0,6.1,8.8
1982,Pittsburgh Pirates,217,5326,3974.0,0.7,0.7
1982,San Diego Padres,399,9753,11915.0,15.200000000000001,17.0
1982,San Francisco Giants,494,11482,3973.0,-0.30000000000000004,-0.30000000000000004
1982,Seattle Mariners,320,7861,5955.0,26.0,31.1
1982,St. Louis Cardinals,375,9577,5954.0,30.0,47.0
1982,Texas Rangers,437,10648,3974.0,22.6,58.1
1982,Toronto Blue Jays,225,5424,9934.0,37.300000000000004,107.0
1982,Washington Nationals,327,8274,3969.0,3.4000000000000004,9.3
1983,Atlanta Braves,523,12883,9936.0,20.5,40.800000000000004
1983,Baltimore Orioles,283,7305,0.0,0.0,0.0
1983,Boston Red Sox,124,3132,9938.0,46.1,136.00000000000003
1983,Chicago Cubs,202,4889,7956.0,3.5999999999999996,4.3999999999999995
1983,Chicago White Sox,297,7511,7942.0,24.799999999999997,37.4
1983,Cincinnati Reds,367,8845,9938.0,38.3,40.4
1983,Cleveland Indians,203,5018,3972.0,-0.7000000000000001,1.1
1983,Detroit Tigers,309,7690,5958.0,0.9000000000000002,6.1
1983,Houston Astros,428,10495,5960.0,-1.1,-1.1
1983,Kansas City Royals,413,10447,7949.0,17.999999999999996,26.4
1983,Los Angeles Angels,263,6768,5957.0,20.8,37.2
1983,Los Angeles Dodgers,261,6582,3978.0,-0.8999999999999999,-0.8999999999999999
1983,Milwaukee Brewers,283,7274,11919.0,19.299999999999997,29.700000000000003
1983,Minnesota Twins,322,7800,0.0,0.0,0.0
1983,New York Mets,349,8333,17878.0,34.2,51.2
1983,New York Yankees,384,9312,3982.0,-1.4,-1.7999999999999998
1983,Oakland Athletics,426,10268,7951.0,16.7,32.1
1983,Philadelphia Phillies,377,9557,5966.0,3.9999999999999996,3.9999999999999996
1983,Pittsburgh Pirates,264,6403,3972.0,15.299999999999999,29.8
1983,San Diego Padres,153,3766,3972.0,-0.1,1.8
1983,San Francisco Giants,429,10645,7945.0,31.9,68.9
1983,Seattle Mariners,358,8750,13904.0,-3.3000000000000003,-3.3000000000000003
1983,St. Louis Cardinals,300,7713,5961.0,6.6000000000000005,10.9
1983,Texas Rangers,874,19366,7939.0,23.1,23.2
1983,Toronto Blue Jays,162,3966,9944.0,4.5,10.0
1983,Washington Nationals,440,10866,5964.0,9.2,9.2
1984,Atlanta Braves,387,9697,5969.0,22.0,72.8
1984,Baltimore Orioles,138,3593,5973.0,1.0,1.0
1984,Boston Red Sox,150,3759,7950.0,13.4,15.0
1984,Chicago Cubs,351,8561,11927.0,35.5,168.6
1984,Chicago White Sox,546,13266,3979.0,-1.2,-1.2
1984,Cincinnati Reds,305,7496,3978.0,1.4,0.7000000000000001
1984,Cleveland Indians,444,9689,5964.0,8.799999999999999,7.8999999999999995
1984,Detroit Tigers,301,7667,1987.0,9.2,11.3
1984,Houston Astros,271,6854,7954.0,14.6,38.6
1984,Kansas City Royals,201,5072,7957.0,11.5,11.4
1984,Los Angeles Angels,246,6031,13923.0,5.800000000000001,10.0
1984,Los Angeles Dodgers,198,5124,7960.0,10.7,17.8
1984,Milwaukee Brewers,165,4182,1992.0,8.0,11.4
1984,Minnesota Twins,419,10244,3973.0,10.9,39.0
1984,New York Mets,313,7451,5966.0,-0.10000000000000009,0.3999999999999999
1984,New York Yankees,650,15252,7953.0,4.5,36.300000000000004
1984,Oakland Athletics,379,9253,5974.0,28.2,68.3
1984,Philadelphia Phillies,314,8023,11931.0,12.599999999999998,15.0
1984,Pittsburgh Pirates,405,9787,1986.0,-0.1,-0.2
1984,San Diego Padres,149,3691,3973.0,15.0,19.599999999999998
1984,San Francisco Giants,246,6076,7959.0,10.9,21.200000000000003
1984,Seattle Mariners,683,15845,1985.0,10.7,24.1
1984,St. Louis Cardinals,236,5804,13917.0,40.599999999999994,61.0
1984,Texas Rangers,910,20901,5959.0,12.400000000000002,12.899999999999999
1984,Toronto Blue Jays,237,6013,3981.0,0.8,7.7
1984,Washington Nationals,330,8069,3977.0,8.7,12.4
1985,Atlanta Braves,348,8796,9947.0,36.9,56.89999999999999
1985,Baltimore Orioles,472,11969,7954.0,3.9,3.5
1985,Boston Red Sox,202,5202,3980.0,14.1,39.1
1985,Chicago Cubs,372,9601,13917.0,37.0,112.1
1985,Chicago White Sox,373,9190,13919.0,9.0,24.3
1985,Cincinnati Reds,304,7440,7954.0,27.5,66.2
1985,Cleveland Indians,467,11429,5964.0,3.6999999999999997,3.4
1985,Detroit Tigers,353,9152,11929.0,22.400000000000002,81.0
1985,Houston Astros,351,8820,9950.0,0.4000000000000001,1.4999999999999998
1985,Kansas City Royals,338,8603,5967.0,20.6,29.0
1985,Los Angeles Angels,185,4634,9939.0,1.3,0.8999999999999999
1985,Los Angeles Dodgers,559,13941,7950.0,15.8,15.0
1985,Milwaukee Brewers,241,5769,7959.0,11.099999999999998,30.099999999999998
1985,Minnesota Twins,350,8765,3979.0,2.1,6.4
1985,New York Mets,409,10210,1987.0,14.5,20.2
1985,New York Yankees,399,10232,5967.0,-3.2,-3.2
1985,Oakland Athletics,360,9035,11931.0,15.700000000000001,21.500000000000004
1985,Philadelphia Phillies,398,10046,7952.0,9.399999999999999,17.5
1985,Pittsburgh Pirates,519,12788,7950.0,46.699999999999996,162.4
1985,San Diego Padres,248,6417,11934.0,10.0,15.2
1985,San Francisco Giants,389,9502,11932.0,40.4,65.2
1985,Seattle Mariners,338,8388,9939.0,5.8,5.5
1985,St. Louis Cardinals,351,8876,9942.0,14.3,13.0
1985,Texas Rangers,339,8306,11923.0,21.599999999999998,60.199999999999996
1985,Toronto Blue Jays,411,10370,5967.0,0.7,0.7
1985,Washington Nationals,160,3886,7950.0,35.4,129.70000000000002
1986,Atlanta Braves,647,15368,5973.0,3.2,6.9
1986,Baltimore Orioles,493,11778,3977.0,0.1,0.1
1986,Boston Red Sox,203,5124,1990.0,6.9,6.6
1986,Chicago Cubs,340,8444,9955.0,23.700000000000003,26.6
1986,Chicago White Sox,148,3796,5970.0,1.4,2.1999999999999997
1986,Cincinnati Reds,292,7407,13932.0,16.0,19.199999999999996
1986,Cleveland Indians,536,12887,13919.0,23.5,42.50000000000001
1986,Detroit Tigers,144,3653,9948.0,22.6,28.1
1986,Houston Astros,374,9289,15922.0,0.7000000000000002,-0.39999999999999997
1986,Kansas City Royals,336,8660,9946.0,29.6,52.7
1986,Los Angeles Angels,163,4210,9949.0,14.000000000000004,25.600000000000005
1986,Los Angeles Dodgers,294,7524,5970.0,0.7,6.300000000000001
1986,Milwaukee Brewers,254,6165,7955.0,17.8,75.1
1986,Minnesota Twins,315,7815,9958.0,9.3,8.1
1986,New York Mets,326,8078,5974.0,0.8999999999999999,0.5
1986,New York Yankees,280,7310,19902.0,22.0,28.900000000000002
1986,Oakland Athletics,288,7233,9946.0,35.800000000000004,51.699999999999996
1986,Philadelphia Phillies,538,12813,7963.0,2.5999999999999996,5.7
1986,Pittsburgh Pirates,392,9503,15926.0,12.899999999999999,39.400000000000006
1986,San Diego Padres,243,6048,3981.0,2.2,1.9000000000000001
1986,San Francisco Giants,402,9781,13929.0,27.4,52.099999999999994
1986,Seattle Mariners,247,6089,9953.0,24.5,30.699999999999996
1986,St. Louis Cardinals,431,11069,11942.0,14.0,32.6
1986,Texas Rangers,321,7843,15911.0,29.900000000000002,110.6
1986,Toronto Blue Jays,471,11506,17916.0,24.5,33.2
1986,Washington Nationals,492,12321,7964.0,5.7,8.1
1987,Atlanta Braves,753,18863,9952.0,9.3,21.0
1987,Baltimore Orioles,397,9991,11944.0,31.199999999999996,75.7
1987,Boston Red Sox,209,5542,9955.0,1.9000000000000001,1.8
1987,Chicago Cubs,560,14048,13946.0,17.0,21.8
1987,Chicago White Sox,506,12710,15946.0,23.200000000000003,42.400000000000006
1987,Cincinnati Reds,1141,27534,13935.0,30.0,51.099999999999994
1987,Cleveland Indians,453,11630,11939.0,25.7,44.400000000000006
1987,Detroit Tigers,444,11542,13935.0,23.200000000000003,31.2
1987,Houston Astros,379,9900,11945.0,32.800000000000004,90.79999999999998
1987,Kansas City Royals,1143,27866,13932.0,39.7,71.7
1987,Los Angeles Angels,427,11221,9962.0,0.7999999999999998,0.0
1987,Los Angeles Dodgers,785,19692,15951.0,5.899999999999999,14.900000000000002
1987,Milwaukee Brewers,389,9794,13945.0,34.0,49.900000000000006
1987,Minnesota Twins,411,10231,11945.0,12.5,13.3
1987,New York Mets,751,19231,19922.0,24.400000000000002,31.3
1987,New York Yankees,764,19269,5973.0,18.1,25.200000000000003
1987,Oakland Athletics,361,9178,7969.0,12.3,20.4
1987,Philadelphia Phillies,829,21182,15942.0,-5.3999999999999995,-5.8999999999999995
1987,Pittsburgh Pirates,762,18873,7963.0,0.9999999999999999,0.9999999999999999
1987,San Diego Padres,314,7941,5973.0,12.900000000000002,13.8
1987,San Francisco Giants,937,23758,13940.0,8.9,26.6
1987,Seattle Mariners,869,21305,7961.0,43.9,98.3
1987,St. Louis Cardinals,632,16195,9949.0,24.1,41.8
1987,Texas Rangers,600,15302,21897.0,12.1,31.5
1987,Toronto Blue Jays,888,21053,11943.0,16.599999999999998,28.0
1987,Washington Nationals,470,11937,19916.0,16.3,37.699999999999996
1988,Atlanta Braves,1227,29448,11952.0,30.200000000000003,29.3
1988,Baltimore Orioles,624,15675,9964.0,14.299999999999999,27.4
1988,Boston Red Sox,339,8601,9958.0,40.3,45.400000000000006
1988,Chicago Cubs,826,21016,3985.0,-0.8999999999999999,-0.8999999999999999
1988,Chicago White Sox,1061,26428,7969.0,25.1,54.800000000000004
1988,Cincinnati Reds,742,19033,7967.0,2.9000000000000004,3.5
1988,Cleveland Indians,1070,26811,9958.0,27.599999999999998,33.6
1988,Detroit Tigers,609,15986,9956.0,2.3000000000000007,1.1
1988,Houston Astros,590,14890,9955.0,54.8,121.2
1988,Kansas City Royals,762,19636,11954.0,6.3,8.6
1988,Los Angeles Angels,495,12518,15932.0,52.5,110.1
1988,Los Angeles Dodgers,923,22970,17932.0,49.5,81.10000000000001
1988,Milwaukee Brewers,509,13317,7966.0,1.9000000000000001,1.9000000000000001
1988,Minnesota Twins,430,11134,9968.0,-2.2,-3.1000000000000005
1988,New York Mets,833,21462,3983.0,-1.0,-1.0
1988,New York Yankees,925,22632,19921.0,14.200000000000001,14.400000000000002
1988,Oakland Athletics,606,15567,13945.0,1.1102230246251565e-16,5.1
1988,Philadelphia Phillies,1041,26002,11950.0,8.3,11.600000000000001
1988,Pittsburgh Pirates,1274,31997,11956.0,15.999999999999996,34.00000000000001
1988,San Diego Padres,716,17905,11953.0,28.200000000000003,41.99999999999999
1988,San Francisco Giants,804,20727,13940.0,11.9,18.700000000000003
1988,Seattle Mariners,544,13875,13950.0,10.099999999999998,27.699999999999996
1988,St. Louis Cardinals,665,17347,9963.0,39.4,58.099999999999994
1988,Texas Rangers,936,23490,9962.0,12.6,24.5
1988,Toronto Blue Jays,825,20653,9960.0,12.200000000000001,36.3
1988,Washington Nationals,699,17817,15940.0,29.7,35.8
1989,Atlanta Braves,614,15264,7977.0,12.2,30.200000000000003
1989,Baltimore Orioles,541,13603,9963.0,19.0,39.1
1989,Boston Red Sox,447,11764,15937.0,71.10000000000001,125.5
1989,Chicago Cubs,608,15545,3986.0,-1.5,-1.5
1989,Chicago White Sox,546,13915,7980.0,42.1,76.5
1989,Cincinnati Reds,651,17002,9970.0,13.3,25.7
1989,Cleveland Indians,667,17116,17938.0,65.00000000000001,147.8
1989,Detroit Tigers,952,24698,11967.0,5.8999999999999995,5.8999999999999995
1989,Houston Astros,448,10753,11961.0,32.3,52.699999999999996
1989,Kansas City Royals,731,18694,7972.0,-0.8,4.2
1989,Los Angeles Angels,823,21091,11953.0,34.9,49.199999999999996
1989,Los Angeles Dodgers,778,20403,7974.0,12.6,23.5
1989,Milwaukee Brewers,479,12451,1991.0,9.2,12.3
1989,Minnesota Twins,837,21840,13947.0,75.4,104.0
1989,New York Mets,584,15277,11970.0,5.199999999999999,5.1
1989,New York Yankees,717,18193,9966.0,16.7,30.599999999999998
1989,Not a MLB Franchise,9,201,0.0,0.0,0.0
1989,Oakland Athletics,1015,26601,9960.0,-0.09999999999999995,-2.0000000000000004
1989,Philadelphia Phillies,831,21153,3992.0,5.8,5.4
1989,Pittsburgh Pirates,602,15698,7970.0,9.1,8.7
1989,San Diego Padres,689,17910,5979.0,-1.2,-1.2
1989,San Francisco Giants,873,22553,9966.0,4.7,9.600000000000001
1989,Seattle Mariners,672,16892,3986.0,-0.09999999999999998,-0.09999999999999998
1989,St. Louis Cardinals,1204,30662,7976.0,-0.8,-0.8999999999999999
1989,Texas Rangers,967,24579,7967.0,-3.1,-1.4
1989,Toronto Blue Jays,664,17363,9962.0,38.199999999999996,113.2
1989,Washington Nationals,958,23920,9968.0,7.6000000000000005,7.6000000000000005
1990,Atlanta Braves,888,22593,13966.0,32.8,96.5
1990,Baltimore Orioles,552,15107,11967.0,31.7,83.5
1990,Boston Red Sox,367,10063,7978.0,4.800000000000001,4.800000000000001
1990,Chicago Cubs,427,11757,3986.0,0.0,0.0
1990,Chicago White Sox,607,16029,15951.0,55.6,92.6
1990,Cincinnati Reds,271,7221,9966.0,10.400000000000002,14.900000000000002
1990,Cleveland Indians,889,22978,15957.0,8.2,19.4
1990,Detroit Tigers,748,19601,3993.0,11.5,12.1
1990,Houston Astros,545,14721,7983.0,0.7000000000000001,0.5
1990,Kansas City Royals,810,22103,7982.0,-1.4,-1.5
1990,Los Angeles Angels,622,17031,11969.0,23.599999999999998,36.99999999999999
1990,Los Angeles Dodgers,960,25240,7980.0,-0.7,-0.3999999999999999
1990,Milwaukee Brewers,597,16167,5987.0,-1.7000000000000002,-1.7000000000000002
1990,Minnesota Twins,552,14804,17950.0,30.999999999999996,37.900000000000006
1990,New York Mets,507,13681,15962.0,26.2,44.1
1990,New York Yankees,527,13953,21953.0,61.099999999999994,131.1
1990,Not a MLB Franchise,188,4956,3986.0,11.5,9.5
1990,Oakland Athletics,718,19801,17946.0,3.1999999999999997,6.199999999999999
1990,Philadelphia Phillies,845,22219,7977.0,13.0,20.8
1990,Pittsburgh Pirates,566,15035,13957.0,9.499999999999998,16.8
1990,San Diego Padres,957,25597,11961.0,10.0,9.0
1990,San Francisco Giants,303,8378,11974.0,2.1,2.1
1990,Seattle Mariners,676,17106,13948.0,25.8,62.7
1990,St. Louis Cardinals,1134,29956,13958.0,11.700000000000001,11.8
1990,Texas Rangers,1027,27237,13950.0,17.599999999999998,16.699999999999996
1990,Toronto Blue Jays,873,23820,19953.0,2.9999999999999996,7.500000000000002
1990,Washington Nationals,443,11944,17950.0,30.7,37.9
1991,Atlanta Braves,986,25295,9984.0,12.2,36.00000000000001
1991,Baltimore Orioles,478,12520,13969.0,14.7,17.299999999999997
1991,Boston Red Sox,333,9075,15957.0,20.7,40.2
1991,Chicago Cubs,422,11115,7979.0,29.6,41.9
1991,Chicago White Sox,452,12288,17958.0,19.0,49.8
1991,Cincinnati Reds,529,14148,7979.0,5.500000000000001,7.1
1991,Cleveland Indians,677,17726,11965.0,38.4,97.39999999999999
1991,Detroit Tigers,748,19531,15969.0,13.9,15.300000000000002
1991,Houston Astros,556,14384,3990.0,-0.6000000000000001,-0.6000000000000001
1991,Kansas City Royals,716,18601,19963.0,27.799999999999997,46.6
1991,Los Angeles Angels,427,11366,13962.0,0.20000000000000018,2.6
1991,Los Angeles Dodgers,1009,26458,9990.0,2.4999999999999996,2.900000000000001
1991,Milwaukee Brewers,546,14193,3988.0,27.3,35.8
1991,Minnesota Twins,390,10056,11967.0,35.699999999999996,63.0
1991,New York Mets,430,11637,13968.0,21.9,28.200000000000003
1991,New York Yankees,368,9462,3989.0,0.8999999999999999,0.8999999999999999
1991,Oakland Athletics,821,22108,17960.0,3.2,3.4000000000000004
1991,Philadelphia Phillies,656,17172,7976.0,9.3,9.9
1991,Pittsburgh Pirates,755,20117,5986.0,-0.3,0.8
1991,San Diego Padres,996,25744,11976.0,15.0,17.9
1991,San Francisco Giants,1155,29798,7986.0,3.4,3.4
1991,Seattle Mariners,518,13468,13966.0,48.39999999999999,76.89999999999999
1991,St. Louis Cardinals,1530,39359,21949.0,14.299999999999999,17.2
1991,Texas Rangers,1060,28064,9979.0,-0.5,3.1
1991,Toronto Blue Jays,843,22491,17964.0,27.6,54.4
1991,Washington Nationals,492,13021,9967.0,20.299999999999997,60.199999999999996
1992,Atlanta Braves,894,25203,11982.0,0.6000000000000001,3.8
1992,Baltimore Orioles,366,9958,9981.0,8.3,11.200000000000001
1992,Boston Red Sox,606,17030,7989.0,-1.8,-2.2
1992,Chicago Cubs,656,18201,9984.0,-2.8000000000000003,-2.8000000000000003
1992,Chicago White Sox,699,19816,7990.0,5.1000000000000005,4.9
1992,Cincinnati Reds,592,16207,13976.0,1.1999999999999997,0.8999999999999997
1992,Cleveland Indians,495,13496,11982.0,11.600000000000001,14.600000000000001
1992,Colorado Rockies,867,24691,19955.0,4.800000000000001,16.9
1992,Detroit Tigers,547,15302,13969.0,20.099999999999998,26.799999999999997
1992,Houston Astros,302,8121,11984.0,20.2,24.3
1992,Kansas City Royals,605,16723,17964.0,38.9,88.30000000000001
1992,Los Angeles Angels,442,12182,7986.0,3.9,3.9
1992,Los Angeles Dodgers,531,14948,2000.0,0.2,0.2
1992,Miami Marlins,834,23782,3990.0,18.9,24.7
1992,Milwaukee Brewers,898,24992,9979.0,9.499999999999998,9.499999999999998
1992,Minnesota Twins,795,22618,7988.0,0.09999999999999998,-0.1
1992,New York Mets,674,18647,3995.0,9.5,8.799999999999999
1992,New York Yankees,428,11712,9981.0,30.5,77.8
1992,Oakland Athletics,793,22334,11982.0,28.400000000000002,49.8
1992,Philadelphia Phillies,827,23039,7988.0,1.0999999999999996,1.4
1992,Pittsburgh Pirates,838,23719,23961.0,19.6,33.7
1992,San Diego Padres,784,21985,1997.0,-0.4,-0.4
1992,San Francisco Giants,777,21427,11980.0,16.6,18.6
1992,Seattle Mariners,584,16280,17964.0,7.3,24.8
1992,St. Louis Cardinals,798,22295,15976.0,5.1,4.1
1992,Texas Rangers,503,14250,9981.0,23.9,39.2
1992,Toronto Blue Jays,594,16867,9981.0,17.5,26.0
1992,Washington Nationals,486,13243,13984.0,14.200000000000003,16.1
1993,Atlanta Braves,1030,29280,15980.0,38.8,65.5
1993,Baltimore Orioles,465,13198,7989.0,1.5999999999999999,1.5999999999999999
1993,Boston Red Sox,640,17742,11984.0,22.2,44.7
1993,Chicago Cubs,2032,54114,13988.0,3.4,20.0
1993,Chicago White Sox,497,14032,9986.0,14.0,14.200000000000001
1993,Cincinnati Reds,501,14229,9990.0,3.5,5.699999999999999
1993,Cleveland Indians,991,26609,7993.0,16.5,21.400000000000002
1993,Colorado Rockies,781,22295,11980.0,23.900000000000002,34.60000000000001
1993,Detroit Tigers,1012,27916,13993.0,12.100000000000001,15.799999999999999
1993,Houston Astros,889,24400,3997.0,9.100000000000001,23.7
1993,Kansas City Royals,708,19577,7985.0,15.200000000000001,21.000000000000004
1993,Los Angeles Angels,270,7353,13973.0,4.099999999999999,9.900000000000002
1993,Los Angeles Dodgers,474,12877,5995.0,23.700000000000003,29.700000000000003
1993,Miami Marlins,704,19469,11982.0,-0.2999999999999998,-0.19999999999999996
1993,Milwaukee Brewers,640,18134,15976.0,9.2,26.199999999999996
1993,Minnesota Twins,589,16495,13989.0,10.899999999999999,45.5
1993,New York Mets,619,17187,9992.0,2.4000000000000004,2.9
1993,New York Yankees,316,8853,5996.0,-1.0,-1.0
1993,Oakland Athletics,612,17527,15979.0,11.999999999999998,14.1
1993,Philadelphia Phillies,583,16066,9980.0,35.0,72.3
1993,Pittsburgh Pirates,622,17681,7994.0,-0.5,-0.5999999999999999
1993,San Diego Padres,516,13979,11991.0,35.8,65.5
1993,San Francisco Giants,773,21210,11979.0,22.700000000000003,31.8
1993,Seattle Mariners,808,21665,7984.0,33.8,112.50000000000001
1993,St. Louis Cardinals,1212,33887,9984.0,11.2,14.0
1993,Texas Rangers,813,22865,11988.0,-0.4,-0.4
1993,Toronto Blue Jays,510,14497,9994.0,9.600000000000001,35.699999999999996
1993,Washington Nationals,467,12863,9997.0,5.2,4.8
1994,Atlanta Braves,782,21906,7997.0,-1.9999999999999998,-1.2
1994,Baltimore Orioles,575,16069,6002.0,-0.6000000000000001,-0.6000000000000001
1994,Boston Red Sox,467,12800,11984.0,43.10000000000001,62.1
1994,Chicago Cubs,854,23492,7995.0,2.6,5.1
1994,Chicago White Sox,326,9152,7989.0,-0.7000000000000001,-0.7000000000000001
1994,Cincinnati Reds,567,15519,7990.0,12.8,11.9
1994,Cleveland Indians,1000,27064,13989.0,13.100000000000001,27.400000000000002
1994,Colorado Rockies,605,16493,3997.0,-1.2,-1.2
1994,Detroit Tigers,714,19655,9993.0,12.399999999999999,15.9
1994,Houston Astros,440,11674,14000.0,30.299999999999997,31.799999999999997
1994,Kansas City Royals,818,21896,13987.0,11.5,9.8
1994,Los Angeles Angels,453,12274,7990.0,4.1,4.1
1994,Los Angeles Dodgers,512,13737,11992.0,3.1,20.8
1994,Miami Marlins,463,12225,7989.0,1.7999999999999994,1.5999999999999992
1994,Milwaukee Brewers,546,14715,7991.0,15.9,24.8
1994,Minnesota Twins,543,14793,11989.0,37.9,58.800000000000004
1994,New York Mets,1006,26178,7992.0,21.099999999999998,26.9
1994,New York Yankees,395,10455,6002.0,-0.09999999999999998,-0.09999999999999998
1994,Oakland Athletics,354,9467,7993.0,5.0,9.8
1994,Philadelphia Phillies,951,26614,15982.0,-0.6000000000000001,-0.6000000000000001
1994,Pittsburgh Pirates,612,16804,1999.0,3.3,3.3
1994,San Diego Padres,746,20191,7992.0,7.699999999999999,10.5
1994,San Francisco Giants,486,13717,11997.0,14.700000000000001,19.9
1994,Seattle Mariners,509,13819,7992.0,12.1,22.400000000000002
1994,St. Louis Cardinals,1132,31295,13992.0,14.3,38.8
1994,Texas Rangers,584,16382,11993.0,11.6,13.6
1994,Toronto Blue Jays,868,24367,15995.0,5.9,2.8000000000000007
1994,Washington Nationals,332,9277,13996.0,31.5,61.800000000000004
1995,Atlanta Braves,952,26488,10002.0,0.6,0.4
1995,Baltimore Orioles,464,12874,3995.0,1.7000000000000002,5.1
1995,Boston Red Sox,452,12368,14003.0,3.0,3.0
1995,Chicago Cubs,629,16862,10000.0,21.3,25.9
1995,Chicago White Sox,660,18380,5997.0,-2.5,-2.5
1995,Cincinnati Reds,655,18308,15998.0,22.400000000000006,28.400000000000002
1995,Cleveland Indians,689,19173,12001.0,9.700000000000001,13.8
1995,Colorado Rockies,555,14972,10008.0,33.9,55.599999999999994
1995,Detroit Tigers,627,16777,5995.0,3.5999999999999996,6.0
1995,Houston Astros,406,11289,14016.0,-3.1000000000000005,-2.3
1995,Kansas City Royals,737,20155,5994.0,31.0,69.9
1995,Los Angeles Angels,617,16495,7991.0,33.300000000000004,49.1
1995,Los Angeles Dodgers,729,19517,4001.0,1.8,3.1
1995,Miami Marlins,574,15230,13996.0,13.6,28.7
1995,Milwaukee Brewers,481,13000,7998.0,16.8,24.6
1995,Minnesota Twins,711,19464,8004.0,18.899999999999995,22.799999999999997
1995,New York Mets,755,20788,7998.0,16.200000000000003,44.199999999999996
1995,New York Yankees,332,9341,11997.0,15.700000000000001,24.500000000000004
1995,Oakland Athletics,670,18116,13986.0,13.100000000000001,17.3
1995,Philadelphia Phillies,904,24885,9999.0,5.5,8.0
1995,Pittsburgh Pirates,377,10207,7999.0,7.6000000000000005,16.8
1995,San Diego Padres,444,11807,9996.0,2.1000000000000005,2.1000000000000005
1995,San Francisco Giants,303,8253,7994.0,23.6,36.699999999999996
1995,Seattle Mariners,399,10407,12001.0,20.7,28.099999999999998
1995,St. Louis Cardinals,1014,27447,11993.0,26.700000000000003,35.1
1995,Texas Rangers,774,21016,15996.0,11.5,29.300000000000004
1995,Toronto Blue Jays,531,14634,6000.0,35.8,79.1
1995,Washington Nationals,392,11047,10001.0,5.6,12.299999999999999
1996,Arizona Diamondbacks,1016,29984,12000.0,26.900000000000002,34.3
1996,Atlanta Braves,797,23493,12005.0,22.799999999999997,40.3
1996,Baltimore Orioles,543,16045,17998.0,6.199999999999998,7.8
1996,Boston Red Sox,314,9420,12005.0,11.799999999999999,14.299999999999999
1996,Chicago Cubs,726,21368,12006.0,10.5,21.8
1996,Chicago White Sox,566,16525,8002.0,13.6,20.099999999999998
1996,Cincinnati Reds,676,20253,1999.0,-0.1,1.0
1996,Cleveland Indians,692,20427,14006.0,1.9,2.0
1996,Colorado Rockies,426,12667,6002.0,13.9,20.400000000000002
1996,Detroit Tigers,676,19574,10000.0,6.200000000000001,5.300000000000001
1996,Houston Astros,270,7969,10011.0,49.7,64.7
1996,Kansas City Royals,530,15557,20007.0,2.4999999999999996,1.6999999999999997
1996,Los Angeles Angels,611,18105,6002.0,7.0,5.5
1996,Los Angeles Dodgers,1004,29802,11994.0,6.6000000000000005,24.0
1996,Miami Marlins,756,21193,5997.0,18.900000000000002,20.400000000000002
1996,Milwaukee Brewers,575,16740,3999.0,-1.4,-1.5
1996,Minnesota Twins,653,18709,9999.0,7.7,7.2
1996,New York Mets,677,19687,6005.0,1.0,1.0
1996,New York Yankees,875,22259,12005.0,29.7,35.40000000000001
1996,Oakland Athletics,392,11410,10000.0,28.1,39.6
1996,Philadelphia Phillies,845,24785,4000.0,30.9,62.0
1996,Pittsburgh Pirates,562,16053,8003.0,21.6,21.4
1996,San Diego Padres,439,12915,2001.0,0.4,0.4
1996,San Francisco Giants,403,11598,8000.0,-0.7000000000000001,-0.7000000000000001
1996,Seattle Mariners,347,10285,12004.0,3.3000000000000003,13.600000000000001
1996,St. Louis Cardinals,604,17476,6000.0,1.8999999999999995,6.200000000000001
1996,Tampa Bay Rays,1106,30493,14011.0,4.2,7.1000000000000005
1996,Texas Rangers,399,11776,14003.0,32.3,61.400000000000006
1996,Toronto Blue Jays,426,12205,14000.0,11.4,28.9
1996,Washington Nationals,352,10120,14002.0,18.2,31.499999999999996
1997,Arizona Diamondbacks,1365,40466,8013.0,0.2999999999999998,4.1000000000000005
1997,Atlanta Braves,543,16780,6004.0,3.0,2.7
1997,Baltimore Orioles,315,9739,16008.0,22.3,52.5
1997,Boston Red Sox,207,6384,8006.0,14.3,16.5
1997,Chicago Cubs,477,14019,12011.0,20.900000000000002,33.6
1997,Chicago White Sox,401,12028,9995.0,3.0,3.0
1997,Cincinnati Reds,339,10336,9997.0,3.9999999999999996,6.6
1997,Cleveland Indians,334,10431,4001.0,3.8000000000000003,3.8000000000000003
1997,Colorado Rockies,249,7696,8008.0,30.7,39.6
1997,Detroit Tigers,568,16864,6010.0,0.5,0.3
1997,Houston Astros,206,6304,6004.0,33.699999999999996,60.599999999999994
1997,Kansas City Royals,315,9448,10009.0,7.1,7.6
1997,Los Angeles Angels,861,25023,11999.0,31.1,45.099999999999994
1997,Los Angeles Dodgers,566,16839,2003.0,-0.5,-0.5
1997,Miami Marlins,367,11122,10021.0,-1.4,-2.0
1997,Milwaukee Brewers,500,15126,8007.0,1.6,1.6
1997,Minnesota Twins,513,15317,8002.0,10.1,18.0
1997,New York Mets,728,21145,10007.0,-3.0,-2.6
1997,New York Yankees,462,14094,12010.0,1.9999999999999996,3.6999999999999997
1997,Oakland Athletics,382,11564,12007.0,30.0,50.9
1997,Philadelphia Phillies,836,24914,10004.0,21.400000000000002,33.89999999999999
1997,Pittsburgh Pirates,413,12400,12020.0,5.6,5.5
1997,San Diego Padres,598,18527,10007.0,-0.19999999999999996,-0.3999999999999999
1997,San Francisco Giants,489,14561,6002.0,4.6,10.5
1997,Seattle Mariners,208,6432,8008.0,11.2,19.200000000000003
1997,St. Louis Cardinals,729,22280,9999.0,17.799999999999997,26.6
1997,Tampa Bay Rays,2806,71663,12004.0,2.7,0.19999999999999982
1997,Texas Rangers,240,7530,10010.0,-0.8999999999999999,-0.5
1997,Toronto Blue Jays,483,14430,8003.0,51.7,83.20000000000002
1997,Washington Nationals,274,8616,10002.0,3.7999999999999994,3.7999999999999994
1998,Arizona Diamondbacks,655,20036,12015.0,1.7999999999999998,2.9000000000000004
1998,Atlanta Braves,553,16778,14014.0,6.599999999999999,15.1
1998,Baltimore Orioles,402,12216,4003.0,0.0,0.0
1998,Boston Red Sox,543,16142,10013.0,15.799999999999999,16.199999999999996
1998,Chicago Cubs,418,12184,8005.0,21.200000000000003,23.4
1998,Chicago White Sox,304,9104,12008.0,61.4,92.0
1998,Cincinnati Reds,595,17527,14019.0,49.2,57.8
1998,Cleveland Indians,616,18479,8008.0,33.800000000000004,73.0
1998,Colorado Rockies,314,9445,16029.0,55.2,80.7
1998,Detroit Tigers,470,14023,10004.0,34.099999999999994,50.900000000000006
1998,Houston Astros,370,11138,12012.0,34.800000000000004,33.300000000000004
1998,Kansas City Royals,451,13154,14020.0,2.3000000000000003,2.3000000000000003
1998,Los Angeles Angels,680,20341,2000.0,-0.3,-0.3
1998,Los Angeles Dodgers,375,11393,6009.0,6.1,19.5
1998,Miami Marlins,336,10287,4006.0,0.5,0.5
1998,Milwaukee Brewers,491,14609,4003.0,10.2,8.5
1998,Minnesota Twins,450,13223,8019.0,2.1,2.1
1998,New York Mets,753,22622,14020.0,6.0,3.5999999999999996
1998,New York Yankees,445,13465,8006.0,1.0,1.0
1998,Oakland Athletics,476,13847,12012.0,29.8,27.0
1998,Philadelphia Phillies,673,19645,14018.0,33.2,55.699999999999996
1998,Pittsburgh Pirates,433,12916,10010.0,1.2,0.4000000000000001
1998,San Diego Padres,451,13317,14016.0,15.000000000000002,14.799999999999999
1998,San Francisco Giants,267,8183,14015.0,0.9000000000000001,6.8
1998,Seattle Mariners,272,8247,4006.0,7.8,11.4
1998,St. Louis Cardinals,492,14394,14011.0,37.400000000000006,59.800000000000004
1998,Tampa Bay Rays,366,11200,8002.0,26.099999999999998,33.2
1998,Texas Rangers,469,13868,4003.0,9.0,18.599999999999998
1998,Toronto Blue Jays,378,11129,8007.0,10.7,13.6
1998,Washington Nationals,380,11231,4005.0,13.5,12.700000000000001
1999,Arizona Diamondbacks,722,21560,10015.0,14.600000000000001,23.800000000000004
1999,Atlanta Braves,685,21223,8017.0,4.3,4.1
1999,Baltimore Orioles,494,14968,14027.0,39.2,58.4
1999,Boston Red Sox,383,11808,8019.0,10.3,10.600000000000001
1999,Chicago Cubs,478,14853,8014.0,-1.2999999999999998,-1.2999999999999998
1999,Chicago White Sox,414,12619,16020.0,4.8999999999999995,7.5
1999,Cincinnati Reds,638,19326,8016.0,2.4,2.4
1999,Cleveland Indians,584,17898,6010.0,2.3000000000000003,2.3000000000000003
1999,Colorado Rockies,386,11794,8009.0,19.5,18.4
1999,Detroit Tigers,547,16291,8009.0,10.4,17.799999999999997
1999,Houston Astros,438,13719,6011.0,3.5999999999999996,3.6999999999999997
1999,Kansas City Royals,550,16408,18025.0,20.1,28.400000000000002
1999,Los Angeles Angels,886,26881,12017.0,27.9,45.6
1999,Los Angeles Dodgers,317,9805,10018.0,15.5,31.300000000000004
1999,Miami Marlins,590,17509,10018.0,27.599999999999998,44.800000000000004
1999,Milwaukee Brewers,798,24036,8013.0,25.1,30.5
1999,Minnesota Twins,465,13893,12028.0,13.1,21.199999999999996
1999,New York Mets,576,17735,10024.0,13.000000000000002,17.3
1999,New York Yankees,317,9939,6014.0,-1.4000000000000001,-1.4000000000000001
1999,Oakland Athletics,436,13134,8009.0,31.199999999999996,41.5
1999,Philadelphia Phillies,639,19330,6008.0,20.8,39.7
1999,Pittsburgh Pirates,748,22385,6013.0,-5.7,-9.0
1999,San Diego Padres,297,9364,8019.0,28.0,44.800000000000004
1999,San Francisco Giants,492,15144,6009.0,3.5,4.7
1999,Seattle Mariners,207,6281,12019.0,8.4,12.299999999999999
1999,St. Louis Cardinals,660,20235,16023.0,76.0,123.9
1999,Tampa Bay Rays,313,9258,12025.0,54.4,73.2
1999,Texas Rangers,291,8989,16027.0,36.50000000000001,59.6
1999,Toronto Blue Jays,485,14900,8011.0,31.6,41.2
1999,Washington Nationals,407,12154,10016.0,5.699999999999999,29.500000000000004
2000,Arizona Diamondbacks,621,18902,16039.0,25.4,25.099999999999998
2000,Atlanta Braves,438,13394,18045.0,46.2,79.1
2000,Baltimore Orioles,248,7320,2006.0,0.3,0.3
2000,Boston Red Sox,339,10206,12036.0,11.200000000000001,16.299999999999997
2000,Chicago Cubs,421,12155,20046.0,18.9,19.5
2000,Chicago White Sox,442,13019,8017.0,1.9999999999999996,1.9
2000,Cincinnati Reds,611,18342,8016.0,0.6000000000000001,0.8999999999999999
2000,Cleveland Indians,524,15873,12029.0,12.8,12.1
2000,Colorado Rockies,422,12322,18036.0,15.5,17.6
2000,Detroit Tigers,637,18713,4009.0,3.1,3.1
2000,Houston Astros,395,12015,10024.0,5.0,5.9
2000,Kansas City Royals,468,13531,12028.0,15.499999999999998,23.8
2000,Los Angeles Angels,561,16507,10024.0,23.3,29.0
2000,Los Angeles Dodgers,447,13319,10018.0,1.7999999999999996,-2.7000000000000006
2000,Miami Marlins,367,10535,4008.0,29.5,55.4
2000,Milwaukee Brewers,580,17077,4008.0,8.5,12.9
2000,Minnesota Twins,600,17447,10022.0,0.9,1.2000000000000002
2000,New York Mets,551,16608,8019.0,0.8,0.8
2000,New York Yankees,517,15682,8023.0,-1.5,-1.7
2000,Oakland Athletics,363,10889,10025.0,15.9,15.700000000000001
2000,Philadelphia Phillies,501,14875,6012.0,43.1,65.9
2000,Pittsburgh Pirates,620,18460,10021.0,34.7,67.60000000000001
2000,San Diego Padres,550,16160,12027.0,4.3,5.6000000000000005
2000,San Francisco Giants,619,18563,14032.0,5.199999999999999,5.199999999999999
2000,Seattle Mariners,357,10590,4008.0,-0.4,-0.4
2000,St. Louis Cardinals,709,20998,10024.0,20.0,56.1
2000,Tampa Bay Rays,476,13886,10026.0,32.5,41.099999999999994
2000,Texas Rangers,452,13570,10029.0,12.6,39.8
2000,Toronto Blue Jays,751,22410,8014.0,6.0,4.7
2000,Washington Nationals,502,14625,14022.0,67.69999999999999,102.4
2001,Arizona Diamondbacks,494,15006,12028.0,34.3,34.9
2001,Atlanta Braves,425,13110,12033.0,4.1000000000000005,4.2
2001,Baltimore Orioles,297,8738,10032.0,11.3,12.7
2001,Boston Red Sox,501,15070,4009.0,30.4,35.7
2001,Chicago Cubs,362,10542,14030.0,58.800000000000004,71.4
2001,Chicago White Sox,456,13956,8025.0,15.5,22.6
2001,Cincinnati Reds,391,11866,0.0,0.0,0.0
2001,Cleveland Indians,560,16974,4014.0,11.0,11.4
2001,Colorado Rockies,330,10002,4013.0,0.8999999999999999,0.8999999999999999
2001,Detroit Tigers,637,19000,10031.0,7.6000000000000005,8.1
2001,Houston Astros,587,17460,14036.0,3.6,3.7
2001,Kansas City Royals,532,15763,6021.0,-0.4,-0.5
2001,Los Angeles Angels,658,19668,18053.0,3.1999999999999997,5.4
2001,Los Angeles Dodgers,357,10918,2003.0,6.7,18.5
2001,Miami Marlins,572,17216,4011.0,0.9,0.9
2001,Milwaukee Brewers,596,17764,12036.0,22.700000000000003,33.00000000000001
2001,Minnesota Twins,689,20214,8025.0,38.60000000000001,56.900000000000006
2001,New York Mets,502,15357,10018.0,39.599999999999994,56.4
2001,New York Yankees,298,9044,14048.0,-0.7999999999999998,-0.7999999999999998
2001,Oakland Athletics,393,12061,16036.0,24.7,26.9
2001,Philadelphia Phillies,733,21607,6014.0,29.1,35.0
2001,Pittsburgh Pirates,509,15080,16041.0,28.099999999999998,37.7
2001,San Diego Padres,314,9404,6016.0,18.200000000000003,18.6
2001,San Francisco Giants,561,17238,16039.0,9.1,9.1
2001,Seattle Mariners,393,11989,6021.0,0.29999999999999993,8.9
2001,St. Louis Cardinals,817,24916,12038.0,25.200000000000003,40.8
2001,Tampa Bay Rays,419,12258,12023.0,5.5,9.9
2001,Texas Rangers,344,10103,4008.0,43.3,63.800000000000004
2001,Toronto Blue Jays,353,10566,10024.0,5.8,7.6000000000000005
2001,Washington Nationals,222,6482,8022.0,-1.2,-1.2
2002,Arizona Diamondbacks,564,17163,10030.0,7.699999999999998,8.1
2002,Atlanta Braves,365,11032,10027.0,48.4,78.0
2002,Baltimore Orioles,737,21574,10025.0,5.5,4.8
2002,Boston Red Sox,374,11162,6021.0,24.699999999999996,53.3
2002,Chicago Cubs,380,11460,12040.0,9.600000000000001,19.900000000000002
2002,Chicago White Sox,507,15147,16046.0,9.5,18.5
2002,Cincinnati Reds,603,17634,4012.0,35.599999999999994,64.7
2002,Cleveland Indians,392,11852,6017.0,10.0,13.3
2002,Colorado Rockies,527,15520,14037.0,16.0,19.300000000000004
2002,Detroit Tigers,549,16154,12038.0,28.3,51.800000000000004
2002,Houston Astros,590,17986,4015.0,1.3,1.3
2002,Kansas City Royals,445,13037,10029.0,23.4,66.6
2002,Los Angeles Angels,656,19421,8027.0,29.299999999999997,44.9
2002,Los Angeles Dodgers,479,14352,12037.0,51.8,82.0
2002,Miami Marlins,535,15822,16048.0,24.2,27.299999999999994
2002,Milwaukee Brewers,521,15309,12042.0,26.9,33.5
2002,Minnesota Twins,442,13269,12048.0,26.0,40.1
2002,New York Mets,428,12753,4011.0,20.900000000000002,29.5
2002,New York Yankees,709,21467,10041.0,7.4,7.2
2002,Oakland Athletics,390,11896,18053.0,39.99999999999999,50.9
2002,Philadelphia Phillies,582,17416,8027.0,28.799999999999997,52.9
2002,Pittsburgh Pirates,360,10379,12034.0,13.4,13.7
2002,San Diego Padres,551,16366,10031.0,9.200000000000001,9.200000000000001
2002,San Francisco Giants,453,13766,16048.0,39.5,45.500000000000014
2002,Seattle Mariners,426,13001,6021.0,0.8999999999999999,0.8999999999999999
2002,St. Louis Cardinals,860,26218,8031.0,-1.1,-1.1
2002,Tampa Bay Rays,541,15775,12051.0,27.5,45.8
2002,Texas Rangers,412,12172,8022.0,4.1,8.3
2002,Toronto Blue Jays,610,18156,14044.0,11.8,12.000000000000004
2002,Washington Nationals,359,10430,6016.0,2.0,2.0
2003,Arizona Diamondbacks,706,21376,8026.0,12.0,13.099999999999998
2003,Atlanta Braves,422,12799,16070.0,18.400000000000002,14.8
2003,Baltimore Orioles,428,12415,10036.0,19.9,28.9
2003,Boston Red Sox,616,18228,8020.0,28.5,33.4
2003,Chicago Cubs,441,12798,8033.0,13.700000000000001,11.9
2003,Chicago White Sox,497,14696,4011.0,7.2,8.5
2003,Cincinnati Reds,432,12739,6019.0,3.8000000000000003,3.8000000000000003
2003,Cleveland Indians,348,10167,10036.0,11.5,12.0
2003,Colorado Rockies,371,10788,6027.0,4.4,4.6
2003,Detroit Tigers,721,20941,12042.0,-0.8,-0.8
2003,Houston Astros,412,12335,10037.0,0.6000000000000001,0.6000000000000001
2003,Kansas City Royals,342,9839,12046.0,5.6000000000000005,3.2
2003,Los Angeles Angels,272,8153,10039.0,5.0,6.5
2003,Los Angeles Dodgers,328,9855,18072.0,41.39999999999999,47.099999999999994
2003,Miami Marlins,593,17558,6025.0,-1.3,-1.4
2003,Milwaukee Brewers,600,17333,12037.0,15.700000000000001,26.599999999999998
2003,Minnesota Twins,573,17120,4012.0,15.4,15.0
2003,New York Mets,528,15503,8029.0,5.5,5.5
2003,New York Yankees,404,12194,8028.0,7.5,11.3
2003,Oakland Athletics,272,8194,4011.0,15.7,22.8
2003,Philadelphia Phillies,579,17225,6021.0,28.3,33.5
2003,Pittsburgh Pirates,272,7838,12051.0,19.200000000000003,21.1
2003,San Diego Padres,466,13472,12047.0,4.4,4.5
2003,San Francisco Giants,382,11517,16052.0,14.499999999999998,12.7
2003,Seattle Mariners,265,7873,6018.0,14.7,31.099999999999998
2003,St. Louis Cardinals,605,18294,14055.0,20.699999999999996,19.0
2003,Tampa Bay Rays,602,17394,10038.0,0.5,1.9999999999999998
2003,Texas Rangers,446,12967,10037.0,46.6,76.8
2003,Toronto Blue Jays,551,16192,14046.0,29.0,38.699999999999996
2003,Washington Nationals,486,14476,14052.0,1.9000000000000001,1.9000000000000001
2004,Arizona Diamondbacks,728,21673,12045.0,23.0,27.7
2004,Atlanta Braves,485,14825,4015.0,-0.19999999999999998,-0.19999999999999998
2004,Baltimore Orioles,404,11854,6021.0,3.6,3.6
2004,Boston Red Sox,520,15724,8030.0,30.700000000000003,48.0
2004,Chicago Cubs,537,16242,12048.0,2.5,6.9
2004,Chicago White Sox,502,15020,18075.0,21.4,34.4
2004,Cincinnati Reds,662,19440,8034.0,12.200000000000001,17.699999999999996
2004,Cleveland Indians,651,19115,10041.0,4.6000000000000005,5.700000000000001
2004,Colorado Rockies,384,11249,24103.0,18.8,40.0
2004,Detroit Tigers,627,18234,8033.0,31.700000000000003,72.19999999999999
2004,Houston Astros,660,19921,12044.0,48.8,77.5
2004,Kansas City Royals,340,10071,10046.0,12.500000000000002,11.900000000000002
2004,Los Angeles Angels,685,20308,12053.0,45.1,49.800000000000004
2004,Los Angeles Dodgers,419,12505,10042.0,8.3,9.6
2004,Miami Marlins,473,14403,10035.0,7.1,17.099999999999998
2004,Milwaukee Brewers,330,9566,10045.0,37.6,54.3
2004,Minnesota Twins,464,13934,12054.0,11.899999999999999,15.199999999999998
2004,New York Mets,519,15095,6023.0,4.4,4.2
2004,New York Yankees,402,12254,8038.0,12.7,20.1
2004,Oakland Athletics,460,13984,22081.0,26.200000000000003,29.5
2004,Philadelphia Phillies,641,19286,10039.0,0.7999999999999999,15.1
2004,Pittsburgh Pirates,439,12942,6029.0,15.100000000000001,21.5
2004,San Diego Padres,529,15336,10051.0,6.7,8.7
2004,San Francisco Giants,876,26612,10036.0,4.9,3.6
2004,Seattle Mariners,533,16070,8030.0,1.0999999999999996,2.0
2004,St. Louis Cardinals,941,28210,8033.0,-0.4,-0.4
2004,Tampa Bay Rays,674,19700,14060.0,28.899999999999995,32.6
2004,Texas Rangers,898,26560,14062.0,-1.3,-1.3
2004,Toronto Blue Jays,698,20816,12040.0,12.000000000000002,19.2
2004,Washington Nationals,416,12313,8029.0,16.599999999999998,17.999999999999996
2005,Arizona Diamondbacks,473,13897,8031.0,27.1,44.199999999999996
2005,Atlanta Braves,363,11221,14066.0,34.8,51.4
2005,Baltimore Orioles,511,15393,8035.0,5.199999999999999,7.6
2005,Boston Red Sox,576,17755,12047.0,41.800000000000004,65.7
2005,Chicago Cubs,585,17848,2009.0,0.0,0.0
2005,Chicago White Sox,452,13650,12051.0,9.6,12.499999999999998
2005,Cincinnati Reds,657,19745,14064.0,29.300000000000004,33.6
2005,Cleveland Indians,284,8593,8037.0,-0.4000000000000001,-0.4000000000000001
2005,Colorado Rockies,383,11387,4019.0,24.400000000000002,40.0
2005,Detroit Tigers,487,14590,22100.0,26.300000000000008,38.6
2005,Houston Astros,574,17621,6031.0,2.1,2.1
2005,Kansas City Royals,479,14116,4019.0,19.8,31.2
2005,Los Angeles Angels,514,15715,10048.0,8.799999999999999,8.700000000000001
2005,Los Angeles Dodgers,316,9780,16084.0,0.10000000000000009,0.10000000000000009
2005,Miami Marlins,496,15060,16072.0,9.5,11.600000000000001
2005,Milwaukee Brewers,523,15533,12056.0,46.099999999999994,67.7
2005,Minnesota Twins,249,7732,12053.0,26.799999999999997,33.0
2005,New York Mets,734,21947,10041.0,27.599999999999998,29.3
2005,New York Yankees,536,16548,8039.0,38.900000000000006,55.0
2005,Oakland Athletics,496,15187,14063.0,10.6,9.9
2005,Philadelphia Phillies,509,15440,10049.0,-0.09999999999999998,-0.09999999999999998
2005,Pittsburgh Pirates,374,11223,6024.0,40.0,56.3
2005,San Diego Padres,523,15908,16069.0,32.3,41.7
2005,San Francisco Giants,600,18312,10048.0,5.1000000000000005,8.8
2005,Seattle Mariners,502,14855,6025.0,-0.5999999999999999,-0.5999999999999999
2005,St. Louis Cardinals,890,27462,12052.0,23.200000000000003,31.0
2005,Tampa Bay Rays,460,13718,2010.0,9.7,11.2
2005,Texas Rangers,724,21932,10043.0,3.0,2.8999999999999995
2005,Toronto Blue Jays,523,15551,4018.0,8.7,8.7
2005,Washington Nationals,332,9802,12050.0,46.3,67.5
2006,Arizona Diamondbacks,550,16384,18096.0,35.900000000000006,73.69999999999999
2006,Atlanta Braves,314,9644,8045.0,10.399999999999999,10.499999999999998
2006,Baltimore Orioles,529,15705,10053.0,9.0,10.0
2006,Boston Red Sox,459,14080,18089.0,31.4,38.300000000000004
2006,Chicago Cubs,678,20277,10055.0,13.5,22.799999999999997
2006,Chicago White Sox,518,15911,6033.0,3.1,3.0
2006,Cincinnati Reds,585,17334,18098.0,24.4,41.10000000000001
2006,Cleveland Indians,705,21510,18105.0,29.6,30.700000000000003
2006,Colorado Rockies,432,12618,6030.0,4.199999999999999,5.300000000000001
2006,Detroit Tigers,621,18350,12061.0,7.1,15.400000000000002
2006,Houston Astros,513,15621,4018.0,13.7,14.700000000000001
2006,Kansas City Royals,322,9342,10051.0,18.8,23.3
2006,Los Angeles Angels,631,19232,10051.0,10.6,10.6
2006,Los Angeles Dodgers,230,6762,4020.0,38.1,65.0
2006,Miami Marlins,578,17477,18088.0,7.500000000000001,6.6000000000000005
2006,Milwaukee Brewers,533,16027,6030.0,1.5000000000000002,3.1999999999999997
2006,Minnesota Twins,330,10007,14074.0,6.9,5.8
2006,New York Mets,798,24064,12058.0,14.0,30.799999999999997
2006,New York Yankees,577,17703,20093.0,46.5,66.0
2006,Oakland Athletics,479,14584,4018.0,11.6,13.399999999999999
2006,Philadelphia Phillies,491,14926,12062.0,0.8999999999999999,0.8999999999999999
2006,Pittsburgh Pirates,622,18321,12071.0,-8.326672684688674e-17,1.1
2006,San Diego Padres,449,13534,14071.0,33.5,41.9
2006,San Francisco Giants,547,16268,14063.0,26.2,25.3
2006,Seattle Mariners,683,20162,14070.0,32.9,39.300000000000004
2006,St. Louis Cardinals,737,22665,22114.0,43.49999999999999,49.0
2006,Tampa Bay Rays,310,9051,14080.0,59.19999999999999,73.39999999999999
2006,Texas Rangers,664,19827,10049.0,28.400000000000002,33.599999999999994
2006,Toronto Blue Jays,850,25459,6032.0,3.0,3.0999999999999996
2006,Washington Nationals,454,13629,6033.0,1.9000000000000004,3.6000000000000005
2007,Arizona Diamondbacks,627,19140,18104.0,10.0,10.0
2007,Atlanta Braves,324,10084,8041.0,48.0,67.10000000000001
2007,Baltimore Orioles,941,28221,8042.0,36.8,42.699999999999996
2007,Boston Red Sox,505,15713,12074.0,31.4,38.3
2007,Chicago Cubs,624,18860,10053.0,39.900000000000006,50.7
2007,Chicago White Sox,351,11148,6031.0,5.4,5.3
2007,Cincinnati Reds,627,19300,14084.0,35.9,38.3
2007,Cleveland Indians,645,19446,4024.0,0.8,0.8
2007,Colorado Rockies,658,19967,6032.0,-5.1,-5.1
2007,Detroit Tigers,515,16257,10054.0,18.7,29.999999999999996
2007,Houston Astros,827,25410,0.0,0.0,0.0
2007,Kansas City Royals,711,21382,10056.0,34.5,43.6
2007,Los Angeles Angels,649,20122,8045.0,2.1,1.7000000000000002
2007,Los Angeles Dodgers,280,8911,4026.0,-0.5,-0.5
2007,Miami Marlins,610,18714,8041.0,33.2,46.9
2007,Milwaukee Brewers,637,19358,14081.0,35.5,35.6
2007,Minnesota Twins,342,10884,2010.0,7.3,7.3
2007,New York Mets,588,18674,12065.0,7.600000000000001,8.1
2007,New York Yankees,695,21778,6033.0,-1.5999999999999999,0.49999999999999994
2007,Oakland Athletics,570,17886,8044.0,9.8,10.6
2007,Philadelphia Phillies,457,14317,14080.0,14.200000000000001,15.400000000000002
2007,Pittsburgh Pirates,475,14350,8047.0,3.9000000000000004,5.4
2007,San Diego Padres,469,14946,20110.0,33.3,42.29999999999999
2007,San Francisco Giants,987,29887,18104.0,25.400000000000002,37.9
2007,Seattle Mariners,475,14630,6031.0,2.1,2.4
2007,St. Louis Cardinals,1022,31283,22118.0,-4.1000000000000005,-3.2
2007,Tampa Bay Rays,498,15015,6031.0,35.0,53.800000000000004
2007,Texas Rangers,489,15138,16090.0,10.5,15.299999999999997
2007,Toronto Blue Jays,286,9159,16088.0,9.1,10.0
2007,Washington Nationals,828,24874,14086.0,39.4,42.9
2008,Arizona Diamondbacks,597,18407,12065.0,17.5,19.8
2008,Atlanta Braves,309,9490,10061.0,14.199999999999998,17.7
2008,Baltimore Orioles,768,22862,16104.0,9.9,9.2
2008,Boston Red Sox,552,17091,18116.0,5.5,5.5
2008,Chicago Cubs,542,16580,20116.0,19.3,23.3
2008,Chicago White Sox,422,12631,10053.0,13.5,14.7
2008,Cincinnati Reds,700,20933,10057.0,3.0,5.000000000000001
2008,Cleveland Indians,532,16559,14091.0,16.700000000000003,17.5
2008,Colorado Rockies,619,19057,6034.0,18.5,23.3
2008,Detroit Tigers,695,21273,10051.0,13.9,18.3
2008,Houston Astros,611,18362,6032.0,13.600000000000001,18.7
2008,Kansas City Royals,598,17737,12082.0,17.3,16.8
2008,Los Angeles Angels,585,18111,12071.0,10.4,12.200000000000001
2008,Los Angeles Dodgers,513,15553,16096.0,19.3,21.599999999999998
2008,Miami Marlins,744,22212,16102.0,7.2,9.900000000000002
2008,Milwaukee Brewers,611,18521,12071.0,19.2,23.499999999999996
2008,Minnesota Twins,325,9854,8058.0,10.8,10.8
2008,New York Mets,888,27145,12070.0,19.3,19.8
2008,New York Yankees,702,21703,18130.0,4.200000000000001,4.300000000000001
2008,Oakland Athletics,442,13336,8048.0,13.2,14.399999999999999
2008,Philadelphia Phillies,672,20663,20121.0,15.700000000000003,15.900000000000002
2008,Pittsburgh Pirates,784,23264,12070.0,22.700000000000003,23.700000000000003
2008,San Diego Padres,721,22136,28177.0,16.900000000000002,19.200000000000003
2008,San Francisco Giants,582,17341,16089.0,56.99999999999999,74.5
2008,Seattle Mariners,850,25898,6039.0,5.3,5.3
2008,St. Louis Cardinals,942,28421,18112.0,14.4,23.7
2008,Tampa Bay Rays,405,11928,4027.0,5.2,5.2
2008,Texas Rangers,741,22293,16101.0,20.500000000000004,26.000000000000004
2008,Toronto Blue Jays,660,20083,14090.0,2.8,5.5
2008,Washington Nationals,565,16970,12074.0,13.1,12.3
2009,Arizona Diamondbacks,567,17197,24159.0,54.6,63.6
2009,Atlanta Braves,397,11840,6038.0,7.300000000000001,16.0
2009,Baltimore Orioles,535,15910,8064.0,5.5,5.5
2009,Boston Red Sox,469,14516,12085.0,2.3,2.3
2009,Chicago Cubs,554,17179,10061.0,17.0,24.3
2009,Chicago White Sox,872,26628,8055.0,-0.8999999999999998,-0.8999999999999998
2009,Cincinnati Reds,696,20836,12075.0,27.799999999999997,33.9
2009,Cleveland Indians,467,14127,16106.0,18.89999999999999,21.999999999999993
2009,Colorado Rockies,788,23661,12079.0,34.9,34.9
2009,Detroit Tigers,377,11286,10062.0,-1.5,-1.8
2009,Houston Astros,677,20682,8051.0,40.4,50.3
2009,Kansas City Royals,634,19063,14092.0,10.300000000000002,10.400000000000002
2009,Los Angeles Angels,609,18886,12072.0,95.8,121.5
2009,Los Angeles Dodgers,547,16612,4029.0,0.0,0.0
2009,Miami Marlins,722,21925,6045.0,4.1,4.1
2009,Milwaukee Brewers,483,14970,16104.0,28.6,31.700000000000003
2009,Minnesota Twins,449,13739,6037.0,34.2,35.6
2009,New York Mets,756,23153,4030.0,6.7,6.7
2009,New York Yankees,516,15870,12083.0,10.0,9.2
2009,Oakland Athletics,600,18066,12083.0,5.3,4.2
2009,Philadelphia Phillies,706,21755,8053.0,1.1102230246251565e-16,1.1102230246251565e-16
2009,Pittsburgh Pirates,360,10685,10067.0,4.4,5.7
2009,San Diego Padres,851,25278,12083.0,3.2,5.6000000000000005
2009,San Francisco Giants,753,22461,14096.0,30.8,33.400000000000006
2009,Seattle Mariners,732,21705,16107.0,31.5,35.9
2009,St. Louis Cardinals,1058,32113,20134.0,48.19999999999999,54.199999999999996
2009,Tampa Bay Rays,741,22837,4028.0,-0.9,-0.9
2009,Texas Rangers,482,14571,6042.0,3.5,3.5
2009,Toronto Blue Jays,655,19974,20132.0,29.3,30.1
2009,Washington Nationals,500,14724,14089.0,36.1,50.199999999999996
2010,Arizona Diamondbacks,811,24357,12086.0,15.7,18.0
2010,Atlanta Braves,654,20059,14093.0,32.4,34.1
2010,Baltimore Orioles,938,28036,8059.0,30.7,33.8
2010,Boston Red Sox,418,12976,10070.0,1.2,1.2
2010,Chicago Cubs,554,16848,6042.0,0.6,0.6
2010,Chicago White Sox,679,20617,12082.0,33.89999999999999,50.99999999999999
2010,Cincinnati Reds,650,19691,10073.0,26.299999999999997,31.500000000000004
2010,Cleveland Indians,514,15387,6041.0,11.3,11.4
2010,Colorado Rockies,366,11466,12081.0,14.5,14.5
2010,Detroit Tigers,663,20317,14089.0,15.299999999999999,14.600000000000001
2010,Houston Astros,703,21148,8058.0,18.1,18.1
2010,Kansas City Royals,826,24710,14106.0,13.8,13.8
2010,Los Angeles Angels,935,28961,10070.0,15.2,17.8
2010,Los Angeles Dodgers,582,18089,12088.0,15.4,15.4
2010,Miami Marlins,658,20270,16119.0,56.0,56.0
2010,Milwaukee Brewers,776,23587,10071.0,7.7,7.7
2010,Minnesota Twins,698,21374,14107.0,12.4,12.4
2010,New York Mets,629,18908,14097.0,50.0,49.7
2010,New York Yankees,531,16626,18135.0,8.5,8.5
2010,Oakland Athletics,623,18822,6042.0,0.9,0.9
2010,Philadelphia Phillies,599,18569,10075.0,2.4,2.4
2010,Pittsburgh Pirates,575,17136,8061.0,10.0,10.0
2010,San Diego Padres,821,24758,12083.0,8.799999999999999,8.799999999999999
2010,San Francisco Giants,683,21053,14097.0,7.0,7.0
2010,Seattle Mariners,958,29204,10068.0,21.3,21.3
2010,St. Louis Cardinals,990,30503,18134.0,5.300000000000001,5.300000000000001
2010,Tampa Bay Rays,687,20962,18137.0,29.900000000000002,29.900000000000002
2010,Texas Rangers,693,21322,20144.0,3.8999999999999995,3.8999999999999995
2010,Toronto Blue Jays,637,19326,20148.0,29.099999999999998,29.999999999999996
2010,Washington Nationals,627,18645,14102.0,46.1,50.699999999999996
2011,Arizona Diamondbacks,903,27195,12092.0,23.2,26.6
2011,Atlanta Braves,663,20770,18136.0,8.0,8.0
2011,Baltimore Orioles,370,11177,10074.0,13.399999999999999,15.8
2011,Boston Red Sox,516,16029,16119.0,64.5,64.5
2011,Chicago Cubs,727,22084,16128.0,15.600000000000001,15.600000000000001
2011,Chicago White Sox,707,21918,14103.0,25.799999999999997,25.799999999999997
2011,Cincinnati Reds,634,19790,10078.0,4.3,4.3
2011,Cleveland Indians,589,17870,14107.0,36.900000000000006,36.2
2011,Colorado Rockies,480,14872,8062.0,20.8,20.8
2011,Detroit Tigers,647,19969,12084.0,5.8999999999999995,5.8999999999999995
2011,Houston Astros,755,22969,8058.0,27.400000000000006,27.400000000000006
2011,Kansas City Royals,712,21525,12095.0,4.4,4.4
2011,Los Angeles Angels,970,29656,10075.0,15.399999999999999,15.399999999999999
2011,Los Angeles Dodgers,609,18646,8065.0,1.2999999999999998,1.2999999999999998
2011,Miami Marlins,556,17027,8059.0,23.099999999999998,23.099999999999998
2011,Milwaukee Brewers,732,22266,16129.0,1.7999999999999998,1.7999999999999998
2011,Minnesota Twins,617,19393,6054.0,1.1,1.1
2011,New York Mets,794,24235,26208.0,23.2,23.2
2011,New York Yankees,354,11278,12097.0,4.699999999999999,4.699999999999999
2011,Oakland Athletics,537,16545,8062.0,24.8,24.8
2011,Philadelphia Phillies,545,17231,18142.0,9.399999999999999,9.399999999999999
2011,Pittsburgh Pirates,435,13065,12096.0,37.300000000000004,37.300000000000004
2011,San Diego Padres,542,16969,22162.0,17.9,17.9
2011,San Francisco Giants,866,26995,20156.0,11.9,11.9
2011,Seattle Mariners,1020,30725,10073.0,11.200000000000001,11.200000000000001
2011,St. Louis Cardinals,767,23680,12094.0,16.0,16.0
2011,Tampa Bay Rays,740,23277,16135.0,10.299999999999999,10.299999999999999
2011,Texas Rangers,511,15937,16119.0,26.3,26.3
2011,Toronto Blue Jays,778,23993,18140.0,35.2,35.2
2011,Washington Nationals,536,16234,14106.0,37.300000000000004,37.300000000000004
2012,Arizona Diamondbacks,653,20669,6048.0,6.5,6.5
2012,Atlanta Braves,485,15375,6044.0,13.200000000000001,13.200000000000001
2012,Baltimore Orioles,600,18312,8063.0,21.1,21.1
2012,Boston Red Sox,355,11358,18147.0,2.6,2.6
2012,Chicago Cubs,434,13389,10086.0,5.3,5.3
2012,Chicago White Sox,592,18425,8065.0,-2.0,-2.0
2012,Cincinnati Reds,457,14327,12103.0,1.2999999999999998,1.2999999999999998
2012,Cleveland Indians,412,12913,4032.0,8.2,8.2
2012,Colorado Rockies,549,17054,10076.0,8.3,8.3
2012,Detroit Tigers,625,19866,6045.0,4.8,4.8
2012,Houston Astros,529,16102,20164.0,29.0,29.0
2012,Kansas City Royals,538,16495,14120.0,4.8,4.8
2012,Los Angeles Angels,747,23379,18149.0,0.8999999999999999,0.8999999999999999
2012,Los Angeles Dodgers,582,18268,16119.0,24.3,24.3
2012,Miami Marlins,536,16586,12099.0,6.8999999999999995,6.8999999999999995
2012,Milwaukee Brewers,469,15012,12099.0,12.9,12.9
2012,Minnesota Twins,385,11768,12096.0,26.799999999999997,26.799999999999997
2012,New York Mets,256,8035,22182.0,-0.20000000000000007,-0.20000000000000007
2012,New York Yankees,438,14125,14114.0,-0.3999999999999999,-0.3999999999999999
2012,Oakland Athletics,559,17320,14111.0,31.8,31.8
2012,Philadelphia Phillies,297,9756,10088.0,-1.0,-1.0
2012,Pittsburgh Pirates,277,8635,8067.0,1.9000000000000001,1.9000000000000001
2012,San Diego Padres,723,22234,10082.0,13.9,13.9
2012,San Francisco Giants,554,17471,12092.0,10.299999999999999,10.299999999999999
2012,Seattle Mariners,526,16109,12092.0,31.7,31.7
2012,St. Louis Cardinals,532,16862,16127.0,20.800000000000004,20.800000000000004
2012,Tampa Bay Rays,724,22860,12094.0,5.4,5.4
2012,Texas Rangers,478,15360,10079.0,10.5,10.5
2012,Toronto Blue Jays,510,16050,10083.0,16.6,16.6
2012,Washington Nationals,468,14691,6048.0,4.699999999999999,4.699999999999999
2013,Arizona Diamondbacks,622,18641,14119.0,3.3000000000000003,3.3000000000000003
2013,Atlanta Braves,364,11237,6048.0,0.8,0.8
2013,Baltimore Orioles,575,17510,20173.0,9.200000000000003,9.200000000000003
2013,Boston Red Sox,451,13315,8071.0,-0.2,-0.2
2013,Chicago Cubs,323,9376,8063.0,33.3,33.3
2013,Chicago White Sox,674,20302,10083.0,6.699999999999999,6.699999999999999
2013,Cincinnati Reds,354,10961,16135.0,7.8999999999999995,7.8999999999999995
2013,Cleveland Indians,425,12516,12100.0,1.2999999999999998,1.2999999999999998
2013,Colorado Rockies,359,10480,14117.0,13.6,13.6
2013,Detroit Tigers,497,15073,10077.0,9.2,9.2
2013,Houston Astros,625,18308,8069.0,0.8999999999999999,0.8999999999999999
2013,Kansas City Royals,394,11636,14117.0,8.600000000000001,8.600000000000001
2013,Los Angeles Angels,807,24466,8070.0,-0.39999999999999986,-0.39999999999999986
2013,Los Angeles Dodgers,445,13436,10085.0,13.700000000000001,13.700000000000001
2013,Miami Marlins,465,13715,10084.0,6.7,6.7
2013,Milwaukee Brewers,566,17042,10089.0,1.6,1.6
2013,Minnesota Twins,452,13255,14123.0,2.5999999999999996,2.5999999999999996
2013,New York Mets,432,12817,10088.0,6.2,6.2
2013,New York Yankees,496,15264,14117.0,17.7,17.7
2013,Oakland Athletics,543,16632,16135.0,2.8000000000000003,2.8000000000000003
2013,Philadelphia Phillies,504,15129,6051.0,1.7000000000000002,1.7000000000000002
2013,Pittsburgh Pirates,404,12047,12101.0,15.3,15.3
2013,San Diego Padres,504,15044,14121.0,6.1000000000000005,6.1000000000000005
2013,San Francisco Giants,577,17680,10088.0,-0.7,-0.7
2013,Seattle Mariners,533,15869,16139.0,5.4,5.4
2013,St. Louis Cardinals,724,21877,8066.0,12.7,12.7
2013,Tampa Bay Rays,594,18049,14124.0,2.5,2.5
2013,Texas Rangers,448,13684,14122.0,-2.4,-2.4
2013,Toronto Blue Jays,472,14010,18149.0,14.999999999999998,14.999999999999998
2013,Washington Nationals,460,14239,4035.0,4.5,4.5
2014,Arizona Diamondbacks,541,16228,8072.0,-1.4999999999999998,-1.4999999999999998
2014,Atlanta Braves,410,12632,6054.0,-0.09999999999999998,-0.09999999999999998
2014,Baltimore Orioles,609,18300,8071.0,2.1,2.1
2014,Boston Red Sox,520,15997,10091.0,-0.40000000000000013,-0.40000000000000013
2014,Chicago Cubs,398,11623,8069.0,9.799999999999999,9.799999999999999
2014,Chicago White Sox,549,16066,6049.0,9.799999999999999,9.799999999999999
2014,Cincinnati Reds,446,13495,4037.0,0.30000000000000004,0.30000000000000004
2014,Cleveland Indians,440,13408,8071.0,1.1999999999999997,1.1999999999999997
2014,Colorado Rockies,469,13844,8071.0,5.7,5.7
2014,Detroit Tigers,536,16365,10090.0,2.0,2.0
2014,Houston Astros,717,21022,14120.0,9.8,9.8
2014,Kansas City Royals,473,14261,10085.0,1.0,1.0
2014,Los Angeles Angels,672,20105,12106.0,2.6999999999999997,2.6999999999999997
2014,Los Angeles Dodgers,588,17912,10087.0,0.6000000000000002,0.6000000000000002
2014,Miami Marlins,530,15498,4034.0,6.0,6.0
2014,Milwaukee Brewers,393,11680,6055.0,5.8,5.8
2014,Minnesota Twins,499,14650,6052.0,1.0,1.0
2014,New York Mets,475,14094,4033.0,14.1,14.1
2014,New York Yankees,437,13154,10086.0,4.6,4.6
2014,Oakland Athletics,399,12257,8070.0,15.1,15.1
2014,Philadelphia Phillies,418,12295,6050.0,23.5,23.5
2014,Pittsburgh Pirates,491,15057,12111.0,2.1,2.1
2014,San Diego Padres,502,14949,4032.0,14.3,14.3
2014,San Francisco Giants,325,9683,10091.0,2.0,2.0
2014,Seattle Mariners,680,20083,6053.0,3.5000000000000004,3.5000000000000004
2014,St. Louis Cardinals,510,15680,8069.0,14.6,14.6
2014,Tampa Bay Rays,672,20392,6056.0,-0.9,-0.9
2014,Texas Rangers,493,14944,10093.0,-0.2,-0.2
2014,Toronto Blue Jays,498,14744,12109.0,0.6999999999999998,0.6999999999999998
2014,Washington Nationals,463,13985,6054.0,-0.5,-0.5
2015,Arizona Diamondbacks,690,20178,8072.0,3.5999999999999996,3.5999999999999996
2015,Atlanta Braves,442,13261,10090.0,7.4,7.4
2015,Baltimore Orioles,666,20409,6054.0,-1.1,-1.1
2015,Boston Red Sox,444,13063,12108.0,9.3,9.3
2015,Chicago Cubs,480,14176,2017.0,4.8,4.8
2015,Chicago White Sox,590,17430,6054.0,-0.9000000000000001,-0.9000000000000001
2015,Cincinnati Reds,381,11290,6055.0,-0.5,-0.5
2015,Cleveland Indians,296,8953,2019.0,-0.1,-0.1
2015,Colorado Rockies,515,15035,4038.0,-0.09999999999999998,-0.09999999999999998
2015,Detroit Tigers,395,12090,10092.0,-0.5999999999999999,-0.5999999999999999
2015,Houston Astros,590,17299,16147.0,23.8,23.8
2015,Kansas City Royals,604,18396,4038.0,-0.30000000000000004,-0.30000000000000004
2015,Los Angeles Angels,782,24020,6055.0,5.0,5.0
2015,Los Angeles Dodgers,722,22070,12110.0,8.9,8.9
2015,Miami Marlins,642,19103,8075.0,1.5,1.5
2015,Milwaukee Brewers,483,14505,4037.0,0.6,0.6
2015,Minnesota Twins,468,13756,8075.0,-0.10000000000000003,-0.10000000000000003
2015,New York Mets,276,8252,4036.0,-0.2,-0.2
2015,New York Yankees,606,18258,6054.0,-1.3,-1.3
2015,Oakland Athletics,568,17272,6057.0,-0.40000000000000013,-0.40000000000000013
2015,Philadelphia Phillies,513,15183,2018.0,2.6,2.6
2015,Pittsburgh Pirates,580,17602,12108.0,0.8999999999999999,0.8999999999999999
2015,San Diego Padres,518,15446,12109.0,-0.5999999999999999,-0.5999999999999999
2015,San Francisco Giants,506,15337,6054.0,0.2,0.2
2015,Seattle Mariners,618,18711,8074.0,-0.6,-0.6
2015,St. Louis Cardinals,589,18000,8071.0,17.0,17.0
2015,Tampa Bay Rays,573,17104,4037.0,3.6,3.6
2015,Texas Rangers,626,18355,12112.0,0.7000000000000001,0.7000000000000001
2015,Toronto Blue Jays,686,20642,2019.0,-0.2,-0.2
2015,Washington Nationals,523,16088,8071.0,0.29999999999999993,0.29999999999999993
2016,Arizona Diamondbacks,540,16172,6057.0,1.5,1.5
2016,Atlanta Braves,557,16364,4037.0,0.0,0.0
2016,Baltimore Orioles,617,18541,2017.0,0.2,0.2
2016,Boston Red Sox,306,9113,6057.0,0.19999999999999998,0.19999999999999998
2016,Chicago Cubs,409,12606,0.0,0.0,0.0
2016,Chicago White Sox,451,13387,4037.0,-0.5,-0.5
2016,Cincinnati Reds,362,10545,4038.0,0.7999999999999999,0.7999999999999999
2016,Cleveland Indians,333,10025,6056.0,10.8,10.8
2016,Colorado Rockies,530,15568,6056.0,-0.3,-0.3
2016,Detroit Tigers,497,14749,4038.0,0.0,0.0
2016,Houston Astros,576,17471,4038.0,-0.3,-0.3
2016,Kansas City Royals,716,21942,6057.0,0.1,0.1
2016,Los Angeles Angels,674,20398,2019.0,0.1,0.1
2016,Los Angeles Dodgers,571,17452,10095.0,3.9000000000000004,3.9000000000000004
2016,Miami Marlins,622,18414,2019.0,0.0,0.0
2016,Milwaukee Brewers,717,21181,2018.0,-0.1,-0.1
2016,Minnesota Twins,562,16955,2019.0,0.0,0.0
2016,New York Mets,378,11574,6057.0,5.3,5.3
2016,New York Yankees,447,13608,4038.0,0.5,0.5
2016,Oakland Athletics,593,17513,4038.0,0.8,0.8
2016,Philadelphia Phillies,467,13613,2019.0,0.2,0.2
2016,Pittsburgh Pirates,449,13860,2019.0,-0.2,-0.2
2016,San Diego Padres,497,14715,8074.0,6.6000000000000005,6.6000000000000005
2016,San Francisco Giants,574,17369,4038.0,3.0,3.0
2016,Seattle Mariners,464,13810,10094.0,-0.1,-0.1
2016,St. Louis Cardinals,589,18160,8075.0,5.3,5.3
2016,Tampa Bay Rays,530,15893,4038.0,-0.30000000000000004,-0.30000000000000004
2016,Texas Rangers,620,18891,0.0,0.0,0.0
2016,Toronto Blue Jays,499,15276,6057.0,4.4,4.4
2016,Washington Nationals,448,13543,10095.0,-0.20000000000000004,-0.20000000000000004
2017,Arizona Diamondbacks,536,15825,0.0,0.0,0.0
2017,Atlanta Braves,338,9866,2018.0,-0.5,-0.5
2017,Baltimore Orioles,546,16609,0.0,0.0,0.0
2017,Boston Red Sox,495,15144,0.0,0.0,0.0
2017,Chicago Cubs,382,11809,0.0,0.0,0.0
2017,Chicago White Sox,632,18831,0.0,0.0,0.0
2017,Cincinnati Reds,270,7805,0.0,0.0,0.0
2017,Cleveland Indians,478,14679,2019.0,0.1,0.1
2017,Colorado Rockies,632,18826,0.0,0.0,0.0
2017,Detroit Tigers,502,15185,0.0,0.0,0.0
2017,Houston Astros,616,18500,4038.0,-0.5,-0.5
2017,Kansas City Royals,620,18589,0.0,0.0,0.0
2017,Los Angeles Angels,418,12387,2019.0,1.3,1.3
2017,Los Angeles Dodgers,559,17045,0.0,0.0,0.0
2017,Miami Marlins,645,19297,0.0,0.0,0.0
2017,Milwaukee Brewers,488,14459,2019.0,2.1,2.1
2017,Minnesota Twins,480,13989,0.0,0.0,0.0
2017,New York Mets,611,18529,0.0,0.0,0.0
2017,New York Yankees,280,8422,0.0,0.0,0.0
2017,Oakland Athletics,627,18484,0.0,0.0,0.0
2017,Philadelphia Phillies,466,13754,2019.0,0.9,0.9
2017,Pittsburgh Pirates,620,18504,0.0,0.0,0.0
2017,San Diego Padres,527,15435,2019.0,-0.1,-0.1
2017,San Francisco Giants,559,16937,0.0,0.0,0.0
2017,Seattle Mariners,550,16569,0.0,0.0,0.0
2017,St. Louis Cardinals,667,20142,0.0,0.0,0.0
2017,Tampa Bay Rays,521,15287,2019.0,0.8,0.8
2017,Texas Rangers,286,8875,0.0,0.0,0.0
2017,Toronto Blue Jays,553,16833,0.0,0.0,0.0
2017,Washington Nationals,606,18583,0.0,0.0,0.0
2018,Arizona Diamondbacks,470,14355,0.0,0.0,0.0
2018,Atlanta Braves,637,18843,0.0,0.0,0.0
2018,Baltimore Orioles,600,17835,0.0,0.0,0.0
2018,Boston Red Sox,435,13310,0.0,0.0,0.0
2018,Chicago Cubs,505,15405,2019.0,0.2,0.2
2018,Chicago White Sox,596,17459,0.0,0.0,0.0
2018,Cincinnati Reds,506,14871,0.0,0.0,0.0
2018,Cleveland Indians,486,14966,0.0,0.0,0.0
2018,Colorado Rockies,529,16070,0.0,0.0,0.0
2018,Detroit Tigers,743,21709,0.0,0.0,0.0
2018,Houston Astros,499,15322,0.0,0.0,0.0
2018,Kansas City Royals,529,15931,0.0,0.0,0.0
2018,Los Angeles Angels,462,13873,0.0,0.0,0.0
2018,Los Angeles Dodgers,613,18832,0.0,0.0,0.0
2018,Miami Marlins,602,17954,0.0,0.0,0.0
2018,Milwaukee Brewers,348,10539,0.0,0.0,0.0
2018,Minnesota Twins,605,18263,0.0,0.0,0.0
2018,New York Mets,516,15157,0.0,0.0,0.0
2018,New York Yankees,604,18338,0.0,0.0,0.0
2018,Oakland Athletics,611,18087,0.0,0.0,0.0
2018,Philadelphia Phillies,637,18680,0.0,0.0,0.0
2018,Pittsburgh Pirates,613,18177,0.0,0.0,0.0
2018,San Diego Padres,485,14318,0.0,0.0,0.0
2018,San Francisco Giants,658,19239,0.0,0.0,0.0
2018,Seattle Mariners,595,17766,0.0,0.0,0.0
2018,St. Louis Cardinals,724,21844,0.0,0.0,0.0
2018,Tampa Bay Rays,567,17008,0.0,0.0,0.0
2018,Texas Rangers,606,18132,0.0,0.0,0.0
2018,Toronto Blue Jays,554,16476,0.0,0.0,0.0
2018,Washington Nationals,495,15149,0.0,0.0,0.0
2019,Arizona Diamondbacks,350,10561,0.0,0.0,0.0
2019,Atlanta Braves,647,19612,0.0,0.0,0.0
2019,Baltimore Orioles,599,17551,0.0,0.0,0.0
2019,Boston Red Sox,443,13707,0.0,0.0,0.0
2019,Chicago Cubs,507,15548,0.0,0.0,0.0
2019,Chicago White Sox,719,21179,0.0,0.0,0.0
2019,Cincinnati Reds,579,17157,0.0,0.0,0.0
2019,Cleveland Indians,611,18648,0.0,0.0,0.0
2019,Colorado Rockies,467,14275,0.0,0.0,0.0
2019,Detroit Tigers,654,19327,0.0,0.0,0.0
2019,Houston Astros,559,17260,0.0,0.0,0.0
2019,Kansas City Royals,516,15139,0.0,0.0,0.0
2019,Los Angeles Angels,537,16120,0.0,0.0,0.0
2019,Los Angeles Dodgers,516,15803,0.0,0.0,0.0
2019,Miami Marlins,506,14894,0.0,0.0,0.0
2019,Milwaukee Brewers,589,18050,0.0,0.0,0.0
2019,Minnesota Twins,530,15858,0.0,0.0,0.0
2019,New York Mets,547,16328,0.0,0.0,0.0
2019,New York Yankees,473,14610,0.0,0.0,0.0
2019,Oakland Athletics,728,22335,0.0,0.0,0.0
2019,Philadelphia Phillies,653,19575,0.0,0.0,0.0
2019,Pittsburgh Pirates,697,21051,0.0,0.0,0.0
2019,San Diego Padres,553,16365,0.0,0.0,0.0
2019,San Francisco Giants,449,13334,0.0,0.0,0.0
2019,Seattle Mariners,500,15180,0.0,0.0,0.0
2019,St. Louis Cardinals,566,17118,0.0,0.0,0.0
2019,Tampa Bay Rays,573,17432,0.0,0.0,0.0
2019,Texas Rangers,515,15305,0.0,0.0,0.0
2019,Toronto Blue Jays,511,15220,0.0,0.0,0.0
2019,Washington Nationals,474,14292,0.0,0.0,0.0
